edicion,anunciante
2019-07-18,fcc
2019-07-26,fcc
2019-07-26,maya
2019-07-26,svat
2019-08-02,fcc
2019-08-02,maya
2019-08-02,svat
2019-08-09,fcc
2019-08-09,maya
2019-08-09,svat
2019-08-16,fcc
2019-08-16,maya
2019-08-16,svat
2019-08-30,fcc
2019-08-30,maya
2019-08-30,svat
2019-09-06,contenur
2019-09-06,fcc
2019-09-06,maya
2019-09-06,svat
2019-09-13,contenur
2019-09-13,fcc
2019-09-13,maya
2019-09-13,svat
2019-09-20,contenur
2019-09-20,fcc
2019-09-20,maya
2019-09-20,svat
2019-09-27,contenur
2019-09-27,fcc
2019-09-27,maya
2019-09-27,svat
2019-10-04,contenur
2019-10-04,fcc
2019-10-04,maya
2019-10-04,svat
2019-10-11,contenur
2019-10-11,fcc
2019-10-11,feria-tecma
2019-10-11,maya
2019-10-11,svat
2019-10-18,contenur
2019-10-18,fcc
2019-10-18,feria-tecma
2019-10-18,maya
2019-10-18,svat
2019-10-25,contenur
2019-10-25,fcc
2019-10-25,feria-tecma
2019-10-25,maya
2019-10-25,svat
2019-10-31,contenur
2019-10-31,fcc
2019-10-31,feria-tecma
2019-10-31,maya
2019-10-31,svat
2019-11-08,contenur
2019-11-08,fcc
2019-11-08,feria-tecma
2019-11-08,maya
2019-11-08,svat
2019-11-15,contenur
2019-11-15,fcc
2019-11-15,feria-tecma
2019-11-15,maya
2019-11-15,svat
2019-11-22,contenur
2019-11-22,fcc
2019-11-22,feria-tecma
2019-11-22,maya
2019-11-22,svat
2019-11-29,contenur
2019-11-29,fcc
2019-11-29,feria-tecma
2019-11-29,maya
2019-11-29,svat
2019-12-05,fcc
2019-12-05,feria-tecma
2019-12-05,maya
2019-12-05,svat
2019-12-13,fcc
2019-12-13,feria-tecma
2019-12-13,maya
2019-12-13,svat
2019-12-20,fcc
2019-12-20,feria-tecma
2019-12-20,maya
2019-12-20,svat
2020-01-10,fcc
2020-01-10,feria-tecma
2020-01-10,maya
2020-01-10,svat
2020-01-17,fcc
2020-01-17,feria-tecma
2020-01-17,maya
2020-01-17,svat
2020-01-24,fcc
2020-01-24,feria-tecma
2020-01-24,maya
2020-01-24,svat
2020-01-31,fcc
2020-01-31,feria-tecma
2020-01-31,john-deere
2020-01-31,maya
2020-01-31,svat
2020-01-31,water-light-tech
2020-02-07,fcc
2020-02-07,feria-tecma
2020-02-07,john-deere
2020-02-07,svat
2020-02-07,water-light-tech
2020-02-14,fcc
2020-02-14,feria-tecma
2020-02-14,john-deere
2020-02-14,svat
2020-02-14,water-light-tech
2020-02-21,fcc
2020-02-21,feria-tecma
2020-02-21,john-deere
2020-02-21,sanimobel
2020-02-21,svat
2020-02-21,water-light-tech
2020-02-28,fcc
2020-02-28,feria-tecma
2020-02-28,john-deere
2020-02-28,sanimobel
2020-02-28,svat
2020-02-28,water-light-tech
2020-03-06,fcc
2020-03-06,feria-tecma
2020-03-06,john-deere
2020-03-06,sanimobel
2020-03-06,svat
2020-03-06,water-light-tech
2020-03-13,fabrez
2020-03-13,fcc
2020-03-13,feria-tecma
2020-03-13,john-deere
2020-03-13,sanimobel
2020-03-13,svat
2020-03-13,water-light-tech
2020-03-20,fabrez
2020-03-20,fcc
2020-03-20,feria-tecma
2020-03-20,john-deere
2020-03-20,sanimobel
2020-03-20,svat
2020-03-20,water-light-tech
2020-03-27,fabrez
2020-03-27,fcc
2020-03-27,feria-tecma
2020-03-27,john-deere
2020-03-27,sanimobel
2020-03-27,svat
2020-03-27,water-light-tech
2020-04-03,fabrez
2020-04-03,fcc
2020-04-03,feria-tecma
2020-04-03,john-deere
2020-04-03,sanimobel
2020-04-03,svat
2020-04-03,water-light-tech
2020-04-09,fabrez
2020-04-09,fcc
2020-04-09,feria-tecma
2020-04-09,john-deere
2020-04-09,molok
2020-04-09,sanimobel
2020-04-09,svat
2020-04-09,water-light-tech
2020-04-17,fabrez
2020-04-17,fcc
2020-04-17,feria-tecma
2020-04-17,john-deere
2020-04-17,molok
2020-04-17,sanimobel
2020-04-17,svat
2020-04-17,water-light-tech
2020-04-24,fabrez
2020-04-24,fcc
2020-04-24,feria-tecma
2020-04-24,john-deere
2020-04-24,molok
2020-04-24,sanimobel
2020-04-24,svat
2020-04-24,water-light-tech
2020-04-30,fabrez
2020-04-30,fcc
2020-04-30,feria-tecma
2020-04-30,john-deere
2020-04-30,molok
2020-04-30,sanimobel
2020-04-30,svat
2020-04-30,water-light-tech
2020-05-08,fabrez
2020-05-08,fcc
2020-05-08,feria-tecma
2020-05-08,molok
2020-05-08,sanimobel
2020-05-08,svat
2020-05-08,water-light-tech
2020-05-15,fabrez
2020-05-15,fcc
2020-05-15,feria-tecma
2020-05-15,molok
2020-05-15,sanimobel
2020-05-15,svat
2020-05-15,water-light-tech
2020-05-22,fabrez
2020-05-22,fcc
2020-05-22,feria-tecma
2020-05-22,molok
2020-05-22,sanimobel
2020-05-22,svat
2020-05-22,urban-gravity
2020-05-22,water-light-tech
2020-05-29,fabrez
2020-05-29,fcc
2020-05-29,feria-tecma
2020-05-29,molok
2020-05-29,sanimobel
2020-05-29,svat
2020-05-29,urban-gravity
2020-05-29,water-light-tech
2020-06-05,fabrez
2020-06-05,fcc
2020-06-05,feria-tecma
2020-06-05,maya
2020-06-05,molok
2020-06-05,sanimobel
2020-06-05,svat
2020-06-05,urban-gravity
2020-06-05,water-light-tech
2020-06-12,fabrez
2020-06-12,fcc
2020-06-12,feria-tecma
2020-06-12,maya
2020-06-12,molok
2020-06-12,sanimobel
2020-06-12,svat
2020-06-12,urban-gravity
2020-06-12,water-light-tech
2020-06-19,fabrez
2020-06-19,fcc
2020-06-19,feria-tecma
2020-06-19,maya
2020-06-19,molok
2020-06-19,sanimobel
2020-06-19,svat
2020-06-19,urban-gravity
2020-06-19,water-light-tech
2020-06-26,fabrez
2020-06-26,fcc
2020-06-26,feria-tecma
2020-06-26,maya
2020-06-26,molok
2020-06-26,sanimobel
2020-06-26,svat
2020-06-26,urban-gravity
2020-06-26,water-light-tech
2020-07-03,fabrez
2020-07-03,fcc
2020-07-03,feria-tecma
2020-07-03,maya
2020-07-03,molok
2020-07-03,sanimobel
2020-07-03,svat
2020-07-03,urban-gravity
2020-07-03,water-light-tech
2020-07-10,fabrez
2020-07-10,fcc
2020-07-10,feria-tecma
2020-07-10,maya
2020-07-10,molok
2020-07-10,sanimobel
2020-07-10,svat
2020-07-10,urban-gravity
2020-07-10,water-light-tech
2020-07-17,fabrez
2020-07-17,fcc
2020-07-17,feria-tecma
2020-07-17,maya
2020-07-17,molok
2020-07-17,sanimobel
2020-07-17,svat
2020-07-17,urban-gravity
2020-07-17,water-light-tech
2020-07-24,fabrez
2020-07-24,fcc
2020-07-24,feria-tecma
2020-07-24,maya
2020-07-24,molok
2020-07-24,sanimobel
2020-07-24,svat
2020-07-24,urban-gravity
2020-07-24,water-light-tech
2020-07-31,fabrez
2020-07-31,fcc
2020-07-31,feria-tecma
2020-07-31,maya
2020-07-31,molok
2020-07-31,sanimobel
2020-07-31,svat
2020-07-31,urban-gravity
2020-07-31,water-light-tech
2020-08-07,fabrez
2020-08-07,fcc
2020-08-07,feria-tecma
2020-08-07,maya
2020-08-07,molok
2020-08-07,sanimobel
2020-08-07,svat
2020-08-07,urban-gravity
2020-08-07,water-light-tech
2020-08-14,fabrez
2020-08-14,fcc
2020-08-14,feria-tecma
2020-08-14,maya
2020-08-14,molok
2020-08-14,sanimobel
2020-08-14,svat
2020-08-14,urban-gravity
2020-08-14,water-light-tech
2020-08-21,fabrez
2020-08-21,fcc
2020-08-21,feria-tecma
2020-08-21,maya
2020-08-21,molok
2020-08-21,sanimobel
2020-08-21,svat
2020-08-21,urban-gravity
2020-08-21,water-light-tech
2020-08-28,fabrez
2020-08-28,fcc
2020-08-28,feria-tecma
2020-08-28,maya
2020-08-28,molok
2020-08-28,sanimobel
2020-08-28,svat
2020-08-28,urban-gravity
2020-08-28,water-light-tech
2020-09-04,fabrez
2020-09-04,fcc
2020-09-04,feria-tecma
2020-09-04,maya
2020-09-04,molok
2020-09-04,sanimobel
2020-09-04,svat
2020-09-04,urban-gravity
2020-09-04,water-light-tech
2020-09-11,fabrez
2020-09-11,fcc
2020-09-11,feria-tecma
2020-09-11,maya
2020-09-11,molok
2020-09-11,sanimobel
2020-09-11,svat
2020-09-11,urban-gravity
2020-09-11,water-light-tech
2020-09-18,fabrez
2020-09-18,fcc
2020-09-18,feria-tecma
2020-09-18,maya
2020-09-18,molok
2020-09-18,sanimobel
2020-09-18,svat
2020-09-18,urban-gravity
2020-09-18,water-light-tech
2020-09-25,fabrez
2020-09-25,fcc
2020-09-25,feria-tecma
2020-09-25,maya
2020-09-25,molok
2020-09-25,sanimobel
2020-09-25,svat
2020-09-25,urban-gravity
2020-09-25,water-light-tech
2020-10-02,fabrez
2020-10-02,fcc
2020-10-02,feria-tecma
2020-10-02,maya
2020-10-02,molok
2020-10-02,sanimobel
2020-10-02,svat
2020-10-02,urban-gravity
2020-10-02,water-light-tech
2020-10-09,fabrez
2020-10-09,fcc
2020-10-09,feria-tecma
2020-10-09,maya
2020-10-09,molok
2020-10-09,sanimobel
2020-10-09,svat
2020-10-09,urban-gravity
2020-10-09,water-light-tech
2020-10-16,fabrez
2020-10-16,fcc
2020-10-16,feria-tecma
2020-10-16,maya
2020-10-16,molok
2020-10-16,sanimobel
2020-10-16,svat
2020-10-16,urban-gravity
2020-10-16,water-light-tech
2020-10-23,fabrez
2020-10-23,fcc
2020-10-23,feria-tecma
2020-10-23,maya
2020-10-23,molok
2020-10-23,sanimobel
2020-10-23,svat
2020-10-23,urban-gravity
2020-10-23,water-light-tech
2020-10-30,fabrez
2020-10-30,fcc
2020-10-30,feria-tecma
2020-10-30,maya
2020-10-30,molok
2020-10-30,sanimobel
2020-10-30,svat
2020-10-30,urban-gravity
2020-10-30,water-light-tech
2020-11-06,fabrez
2020-11-06,fcc
2020-11-06,feria-tecma
2020-11-06,maya
2020-11-06,molok
2020-11-06,sanimobel
2020-11-06,svat
2020-11-06,urban-gravity
2020-11-06,water-light-tech
2020-11-13,fabrez
2020-11-13,fcc
2020-11-13,feria-tecma
2020-11-13,maya
2020-11-13,molok
2020-11-13,sanimobel
2020-11-13,svat
2020-11-13,urban-gravity
2020-11-13,water-light-tech
2020-11-20,fabrez
2020-11-20,fcc
2020-11-20,feria-tecma
2020-11-20,maya
2020-11-20,molok
2020-11-20,sanimobel
2020-11-20,svat
2020-11-20,urban-gravity
2020-11-20,water-light-tech
2020-11-27,fabrez
2020-11-27,fcc
2020-11-27,feria-tecma
2020-11-27,maya
2020-11-27,molok
2020-11-27,sanimobel
2020-11-27,svat
2020-11-27,urban-gravity
2020-11-27,water-light-tech
2020-12-04,fabrez
2020-12-04,fcc
2020-12-04,feria-tecma
2020-12-04,maya
2020-12-04,molok
2020-12-04,sanimobel
2020-12-04,svat
2020-12-04,urban-gravity
2020-12-04,water-light-tech
2020-12-11,fabrez
2020-12-11,fcc
2020-12-11,feria-tecma
2020-12-11,maya
2020-12-11,molok
2020-12-11,sanimobel
2020-12-11,svat
2020-12-11,urban-gravity
2020-12-11,water-light-tech
2020-12-18,fabrez
2020-12-18,fcc
2020-12-18,feria-tecma
2020-12-18,maya
2020-12-18,molok
2020-12-18,sanimobel
2020-12-18,svat
2020-12-18,urban-gravity
2020-12-18,water-light-tech
2020-12-24,fabrez
2020-12-24,fcc
2020-12-24,feria-tecma
2020-12-24,maya
2020-12-24,molok
2020-12-24,sanimobel
2020-12-24,svat
2020-12-24,urban-gravity
2020-12-24,water-light-tech
2021-01-08,fabrez
2021-01-08,fcc
2021-01-08,feria-tecma
2021-01-08,molok
2021-01-08,sanimobel
2021-01-08,svat
2021-01-08,urban-gravity
2021-01-08,water-light-tech
2021-01-15,fabrez
2021-01-15,fcc
2021-01-15,feria-tecma
2021-01-15,molok
2021-01-15,sanimobel
2021-01-15,svat
2021-01-15,urban-gravity
2021-01-15,water-light-tech
2021-01-22,fabrez
2021-01-22,fcc
2021-01-22,feria-tecma
2021-01-22,molok
2021-01-22,sanimobel
2021-01-22,svat
2021-01-22,urban-gravity
2021-01-22,water-light-tech
2021-01-29,fabrez
2021-01-29,fcc
2021-01-29,feria-tecma
2021-01-29,molok
2021-01-29,sanimobel
2021-01-29,svat
2021-01-29,urban-gravity
2021-01-29,water-light-tech
2021-02-05,fabrez
2021-02-05,fcc
2021-02-05,feria-tecma
2021-02-05,molok
2021-02-05,sanimobel
2021-02-05,svat
2021-02-05,urban-gravity
2021-02-05,water-light-tech
2021-02-12,fabrez
2021-02-12,fcc
2021-02-12,feria-tecma
2021-02-12,molok
2021-02-12,sanimobel
2021-02-12,svat
2021-02-12,urban-gravity
2021-02-12,water-light-tech
2021-02-19,fabrez
2021-02-19,fcc
2021-02-19,feria-tecma
2021-02-19,molok
2021-02-19,sanimobel
2021-02-19,svat
2021-02-19,urban-gravity
2021-02-19,water-light-tech
2021-02-26,fabrez
2021-02-26,fcc
2021-02-26,feria-tecma
2021-02-26,molok
2021-02-26,sanimobel
2021-02-26,svat
2021-02-26,urban-gravity
2021-02-26,water-light-tech
2021-03-05,fabrez
2021-03-05,fcc
2021-03-05,feria-tecma
2021-03-05,molok
2021-03-05,sanimobel
2021-03-05,svat
2021-03-05,urban-gravity
2021-03-05,water-light-tech
2021-03-12,fabrez
2021-03-12,fcc
2021-03-12,feria-tecma
2021-03-12,molok
2021-03-12,sanimobel
2021-03-12,svat
2021-03-12,urban-gravity
2021-03-12,water-light-tech
2021-03-18,fabrez
2021-03-18,fcc
2021-03-18,feria-tecma
2021-03-18,maya
2021-03-18,molok
2021-03-18,sanimobel
2021-03-18,svat
2021-03-18,urban-gravity
2021-03-18,water-light-tech
2021-03-26,fabrez
2021-03-26,fcc
2021-03-26,feria-tecma
2021-03-26,geesinknorba
2021-03-26,maya
2021-03-26,molok
2021-03-26,sanimobel
2021-03-26,urban-gravity
2021-03-26,water-light-tech
2021-03-31,fabrez
2021-03-31,fcc
2021-03-31,feria-tecma
2021-03-31,geesinknorba
2021-03-31,molok
2021-03-31,sanimobel
2021-03-31,urban-gravity
2021-03-31,water-light-tech
2021-04-09,fabrez
2021-04-09,fcc
2021-04-09,feria-tecma
2021-04-09,geesinknorba
2021-04-09,molok
2021-04-09,sanimobel
2021-04-09,svat
2021-04-09,urban-gravity
2021-04-09,water-light-tech
2021-04-16,decopolis
2021-04-16,fabrez
2021-04-16,fcc
2021-04-16,feria-tecma
2021-04-16,geesinknorba
2021-04-16,molok
2021-04-16,sanimobel
2021-04-16,svat
2021-04-16,urban-gravity
2021-04-16,water-light-tech
2021-04-23,decopolis
2021-04-23,fabrez
2021-04-23,fcc
2021-04-23,feria-tecma
2021-04-23,geesinknorba
2021-04-23,molok
2021-04-23,sanimobel
2021-04-23,svat
2021-04-23,urban-gravity
2021-04-23,water-light-tech
2021-04-30,decopolis
2021-04-30,fabrez
2021-04-30,fcc
2021-04-30,feria-tecma
2021-04-30,geesinknorba
2021-04-30,molok
2021-04-30,sanimobel
2021-04-30,svat
2021-04-30,urban-gravity
2021-04-30,water-light-tech
2021-05-07,ambilamp-mayo-junio
2021-05-07,decopolis
2021-05-07,fabrez
2021-05-07,fcc
2021-05-07,feria-tecma
2021-05-07,geesinknorba
2021-05-07,molok
2021-05-07,sanimobel
2021-05-07,svat
2021-05-07,urban-gravity
2021-05-07,water-light-tech
2021-05-14,ambilamp-mayo-junio
2021-05-14,contenur
2021-05-14,decopolis
2021-05-14,fabrez
2021-05-14,fcc
2021-05-14,feria-tecma
2021-05-14,geesinknorba
2021-05-14,molok
2021-05-14,sanimobel
2021-05-14,svat
2021-05-14,urban-gravity
2021-05-14,water-light-tech
2021-05-21,ambilamp-mayo-junio
2021-05-21,contenur
2021-05-21,decopolis
2021-05-21,fabrez
2021-05-21,fcc
2021-05-21,feria-tecma
2021-05-21,geesinknorba
2021-05-21,molok
2021-05-21,sanimobel
2021-05-21,svat
2021-05-21,urban-gravity
2021-05-21,water-light-tech
2021-05-28,ambilamp-mayo-junio
2021-05-28,contenur
2021-05-28,decopolis
2021-05-28,fabrez
2021-05-28,fcc
2021-05-28,feria-tecma
2021-05-28,geesinknorba
2021-05-28,molok
2021-05-28,sanimobel
2021-05-28,svat
2021-05-28,urban-gravity
2021-05-28,water-light-tech
2021-06-04,ambilamp-mayo-junio
2021-06-04,contenur
2021-06-04,decopolis
2021-06-04,fabrez
2021-06-04,fcc
2021-06-04,feria-tecma
2021-06-04,geesinknorba
2021-06-04,molok
2021-06-04,sanimobel
2021-06-04,svat
2021-06-04,urban-gravity
2021-06-04,water-light-tech
2021-06-11,ambilamp-mayo-junio
2021-06-11,contenur
2021-06-11,decopolis
2021-06-11,fabrez
2021-06-11,fcc
2021-06-11,geesinknorba
2021-06-11,molok
2021-06-11,sanimobel
2021-06-11,svat
2021-06-11,urban-gravity
2021-06-11,water-light-tech
2021-06-18,ambilamp-mayo-junio
2021-06-18,contenur
2021-06-18,decopolis
2021-06-18,fabrez
2021-06-18,fcc
2021-06-18,geesinknorba
2021-06-18,molok
2021-06-18,sanimobel
2021-06-18,svat
2021-06-18,urban-gravity
2021-06-18,water-light-tech
2021-06-25,ambilamp-mayo-junio
2021-06-25,contenur
2021-06-25,decopolis
2021-06-25,fabrez
2021-06-25,fcc
2021-06-25,geesinknorba
2021-06-25,molok
2021-06-25,sanimobel
2021-06-25,svat
2021-06-25,urban-gravity
2021-06-25,water-light-tech
2021-07-02,contenur
2021-07-02,decopolis
2021-07-02,fabrez
2021-07-02,fcc
2021-07-02,geesinknorba
2021-07-02,molok
2021-07-02,nordsense
2021-07-02,radiotrans
2021-07-02,sanimobel
2021-07-02,svat
2021-07-02,urban-gravity
2021-07-02,water-light-tech
2021-07-09,contenur
2021-07-09,decopolis
2021-07-09,fabrez
2021-07-09,fcc
2021-07-09,geesinknorba
2021-07-09,molok
2021-07-09,nordsense
2021-07-09,radiotrans
2021-07-09,sanimobel
2021-07-09,svat
2021-07-09,urban-gravity
2021-07-09,water-light-tech
2021-07-16,contenur
2021-07-16,decopolis
2021-07-16,fabrez
2021-07-16,fcc
2021-07-16,geesinknorba
2021-07-16,molok
2021-07-16,radiotrans
2021-07-16,sanimobel
2021-07-16,svat
2021-07-16,urban-gravity
2021-07-16,water-light-tech
2021-07-30,contenur
2021-07-30,decopolis
2021-07-30,expobiomasa
2021-07-30,fabrez
2021-07-30,fcc
2021-07-30,geesinknorba
2021-07-30,molok
2021-07-30,radiotrans
2021-07-30,sanimobel
2021-07-30,svat
2021-07-30,urban-gravity
2021-07-30,water-light-tech
2021-08-06,contenur
2021-08-06,decopolis
2021-08-06,expobiomasa
2021-08-06,fabrez
2021-08-06,fcc
2021-08-06,geesinknorba
2021-08-06,molok
2021-08-06,radiotrans
2021-08-06,sanimobel
2021-08-06,svat
2021-08-06,urban-gravity
2021-08-06,water-light-tech
2021-08-13,contenur
2021-08-13,decopolis
2021-08-13,expobiomasa
2021-08-13,fabrez
2021-08-13,fcc
2021-08-13,geesinknorba
2021-08-13,molok
2021-08-13,radiotrans
2021-08-13,sanimobel
2021-08-13,svat
2021-08-13,urban-gravity
2021-08-13,water-light-tech
2021-08-20,contenur
2021-08-20,decopolis
2021-08-20,expobiomasa
2021-08-20,fabrez
2021-08-20,fcc
2021-08-20,geesinknorba
2021-08-20,molok
2021-08-20,radiotrans
2021-08-20,sanimobel
2021-08-20,svat
2021-08-20,urban-gravity
2021-08-20,water-light-tech
2021-08-27,contenur
2021-08-27,decopolis
2021-08-27,expobiomasa
2021-08-27,fabrez
2021-08-27,fcc
2021-08-27,geesinknorba
2021-08-27,molok
2021-08-27,radiotrans
2021-08-27,sanimobel
2021-08-27,svat
2021-08-27,urban-gravity
2021-08-27,water-light-tech
2021-09-03,afeisa-septiembre
2021-09-03,ambilamp-septiembre-noviembre
2021-09-03,contenur
2021-09-03,decopolis
2021-09-03,expobiomasa
2021-09-03,fabrez
2021-09-03,fcc
2021-09-03,geesinknorba
2021-09-03,molok
2021-09-03,radiotrans
2021-09-03,sanimobel
2021-09-03,svat
2021-09-03,urban-gravity
2021-09-03,water-light-tech
2021-09-10,afeisa-septiembre
2021-09-10,ambilamp-septiembre-noviembre
2021-09-10,contenur
2021-09-10,decopolis
2021-09-10,expobiomasa
2021-09-10,fabrez
2021-09-10,fcc
2021-09-10,geesinknorba
2021-09-10,molok
2021-09-10,radiotrans
2021-09-10,sanimobel
2021-09-10,svat
2021-09-10,urban-gravity
2021-09-10,water-light-tech
2021-09-17,afeisa-septiembre
2021-09-17,ambilamp-septiembre-noviembre
2021-09-17,contenur
2021-09-17,decopolis
2021-09-17,ecofira
2021-09-17,expobiomasa
2021-09-17,fabrez
2021-09-17,fcc
2021-09-17,geesinknorba
2021-09-17,molok
2021-09-17,radiotrans
2021-09-17,sanimobel
2021-09-17,svat
2021-09-17,urban-gravity
2021-09-17,water-light-tech
2021-09-24,afeisa-septiembre
2021-09-24,ambilamp-septiembre-noviembre
2021-09-24,contenur
2021-09-24,decopolis
2021-09-24,ecofira
2021-09-24,fabrez
2021-09-24,fcc
2021-09-24,geesinknorba
2021-09-24,molok
2021-09-24,radiotrans
2021-09-24,sanimobel
2021-09-24,svat
2021-09-24,urban-gravity
2021-09-24,water-light-tech
2021-10-01,ambilamp-septiembre-noviembre
2021-10-01,contenur
2021-10-01,decopolis
2021-10-01,ecofira
2021-10-01,fabrez
2021-10-01,fcc
2021-10-01,geesinknorba
2021-10-01,molok
2021-10-01,radiotrans
2021-10-01,sanimobel
2021-10-01,svat
2021-10-01,urban-gravity
2021-10-01,water-light-tech
2021-10-08,ambilamp-septiembre-noviembre
2021-10-08,contenur
2021-10-08,decopolis
2021-10-08,fabrez
2021-10-08,fcc
2021-10-08,geesinknorba
2021-10-08,molok
2021-10-08,radiotrans
2021-10-08,sanimobel
2021-10-08,svat
2021-10-08,urban-gravity
2021-10-08,water-light-tech
2021-10-15,ambilamp-septiembre-noviembre
2021-10-15,contenur
2021-10-15,decopolis
2021-10-15,fabrez
2021-10-15,fcc
2021-10-15,geesinknorba
2021-10-15,molok
2021-10-15,radiotrans
2021-10-15,sanimobel
2021-10-15,svat
2021-10-15,urban-gravity
2021-10-15,water-light-tech
2021-10-22,ambilamp-septiembre-noviembre
2021-10-22,contenur
2021-10-22,decopolis
2021-10-22,fabrez
2021-10-22,fcc
2021-10-22,geesinknorba
2021-10-22,molok
2021-10-22,radiotrans
2021-10-22,sanimobel
2021-10-22,svat
2021-10-22,urban-gravity
2021-10-22,water-light-tech
2021-10-29,ambilamp-septiembre-noviembre
2021-10-29,contenur
2021-10-29,decopolis
2021-10-29,fabrez
2021-10-29,fcc
2021-10-29,geesinknorba
2021-10-29,molok
2021-10-29,radiotrans
2021-10-29,sanimobel
2021-10-29,svat
2021-10-29,urban-gravity
2021-10-29,water-light-tech
2021-11-05,afeisa-noviembre
2021-11-05,ambilamp-septiembre-noviembre
2021-11-05,contenur
2021-11-05,decopolis
2021-11-05,fabrez
2021-11-05,fcc
2021-11-05,geesinknorba
2021-11-05,molok
2021-11-05,radiotrans
2021-11-05,sanimobel
2021-11-05,svat
2021-11-05,urban-gravity
2021-11-05,water-light-tech
2021-11-12,afeisa-noviembre
2021-11-12,ambilamp-septiembre-noviembre
2021-11-12,contenur
2021-11-12,decopolis
2021-11-12,fabrez
2021-11-12,fcc
2021-11-12,geesinknorba
2021-11-12,molok
2021-11-12,radiotrans
2021-11-12,sanimobel
2021-11-12,segway
2021-11-12,svat
2021-11-12,urban-gravity
2021-11-12,water-light-tech
2021-11-19,afeisa-noviembre
2021-11-19,ambilamp-septiembre-noviembre
2021-11-19,decopolis
2021-11-19,fabrez
2021-11-19,fcc
2021-11-19,geesinknorba
2021-11-19,molok
2021-11-19,radiotrans
2021-11-19,sanimobel
2021-11-19,segway
2021-11-19,svat
2021-11-19,urban-gravity
2021-11-19,water-light-tech
2021-11-26,afeisa-noviembre
2021-11-26,ambilamp-septiembre-noviembre
2021-11-26,decopolis
2021-11-26,fabrez
2021-11-26,fcc
2021-11-26,geesinknorba
2021-11-26,molok
2021-11-26,radiotrans
2021-11-26,sanimobel
2021-11-26,segway
2021-11-26,svat
2021-11-26,urban-gravity
2021-11-26,water-light-tech
2021-12-03,decopolis
2021-12-03,fabrez
2021-12-03,fcc
2021-12-03,geesinknorba
2021-12-03,molok
2021-12-03,radiotrans
2021-12-03,sanimobel
2021-12-03,segway
2021-12-03,svat
2021-12-03,urban-gravity
2021-12-03,water-light-tech
2021-12-10,decopolis
2021-12-10,fabrez
2021-12-10,fcc
2021-12-10,geesinknorba
2021-12-10,molok
2021-12-10,radiotrans
2021-12-10,sanimobel
2021-12-10,segway
2021-12-10,svat
2021-12-10,urban-gravity
2021-12-10,water-light-tech
2021-12-17,decopolis
2021-12-17,fabrez
2021-12-17,fcc
2021-12-17,geesinknorba
2021-12-17,molok
2021-12-17,radiotrans
2021-12-17,sanimobel
2021-12-17,segway
2021-12-17,svat
2021-12-17,urban-gravity
2021-12-17,water-light-tech
2021-12-24,decopolis
2021-12-24,fabrez
2021-12-24,fcc
2021-12-24,geesinknorba
2021-12-24,molok
2021-12-24,radiotrans
2021-12-24,sanimobel
2021-12-24,segway
2021-12-24,svat
2021-12-24,urban-gravity
2021-12-24,water-light-tech
2022-01-07,decopolis
2022-01-07,fabrez
2022-01-07,fcc
2022-01-07,geesinknorba
2022-01-07,molok
2022-01-07,radiotrans
2022-01-07,sanimobel
2022-01-07,segway
2022-01-07,svat
2022-01-07,urban-gravity
2022-01-07,water-light-tech
2022-01-14,decopolis
2022-01-14,fabrez
2022-01-14,fcc
2022-01-14,geesinknorba
2022-01-14,molok
2022-01-14,sanimobel
2022-01-14,segway
2022-01-14,svat
2022-01-14,urban-gravity
2022-01-14,water-light-tech
2022-01-21,decopolis
2022-01-21,fabrez
2022-01-21,fcc
2022-01-21,geesinknorba
2022-01-21,molok
2022-01-21,sanimobel
2022-01-21,segway
2022-01-21,svat
2022-01-21,urban-gravity
2022-01-21,water-light-tech
2022-01-28,decopolis
2022-01-28,fabrez
2022-01-28,fcc
2022-01-28,geesinknorba
2022-01-28,molok
2022-01-28,segway
2022-01-28,svat
2022-01-28,urban-gravity
2022-01-28,water-light-tech
2022-02-04,decopolis
2022-02-04,fabrez
2022-02-04,geesinknorba
2022-02-04,molok
2022-02-04,sanimobel
2022-02-04,segway
2022-02-04,svat
2022-02-04,urban-gravity
2022-02-04,water-light-tech
2022-02-11,decopolis
2022-02-11,fabrez
2022-02-11,fcc
2022-02-11,geesinknorba
2022-02-11,molok
2022-02-11,sanimobel
2022-02-11,svat
2022-02-11,urban-gravity
2022-02-11,water-light-tech
2022-02-18,decopolis
2022-02-18,fabrez
2022-02-18,fcc
2022-02-18,geesinknorba
2022-02-18,ida
2022-02-18,molok
2022-02-18,sanimobel
2022-02-18,svat
2022-02-18,urban-gravity
2022-02-18,water-light-tech
2022-02-25,decopolis
2022-02-25,fabrez
2022-02-25,fcc
2022-02-25,geesinknorba
2022-02-25,ida
2022-02-25,molok
2022-02-25,sanimobel
2022-02-25,svat
2022-02-25,urban-gravity
2022-03-04,decopolis
2022-03-04,fabrez
2022-03-04,fcc
2022-03-04,geesinknorba
2022-03-04,ida
2022-03-04,molok
2022-03-04,sanimobel
2022-03-04,svat
2022-03-04,urban-gravity
2022-03-11,decopolis
2022-03-11,fabrez
2022-03-11,fcc
2022-03-11,geesinknorba
2022-03-11,ida
2022-03-11,sanimobel
2022-03-11,svat
2022-03-11,urban-gravity
2022-03-18,decopolis
2022-03-18,fabrez
2022-03-18,fcc
2022-03-18,geesinknorba
2022-03-18,ida
2022-03-18,sanimobel
2022-03-18,svat
2022-03-18,urban-gravity
2022-03-25,decopolis
2022-03-25,fabrez
2022-03-25,fcc
2022-03-25,geesinknorba
2022-03-25,ida
2022-03-25,nord-engineering
2022-03-25,sanimobel
2022-03-25,svat
2022-03-25,urban-gravity
2022-04-01,ambilamp-abril
2022-04-01,decopolis
2022-04-01,fabrez
2022-04-01,fcc
2022-04-01,geesinknorba
2022-04-01,ida
2022-04-01,nord-engineering
2022-04-01,sanimobel
2022-04-01,svat
2022-04-01,urban-gravity
2022-04-08,ambilamp-abril
2022-04-08,decopolis
2022-04-08,fabrez
2022-04-08,fcc
2022-04-08,geesinknorba
2022-04-08,ida
2022-04-08,nord-engineering
2022-04-08,sanimobel
2022-04-08,svat
2022-04-08,urban-gravity
2022-04-22,ambilamp-abril
2022-04-22,decopolis
2022-04-22,fabrez
2022-04-22,fcc
2022-04-22,geesinknorba
2022-04-22,ida
2022-04-22,nord-engineering
2022-04-22,rototank
2022-04-22,sanimobel
2022-04-22,svat
2022-04-22,urban-gravity
2022-04-29,ambilamp-abril
2022-04-29,decopolis
2022-04-29,fabrez
2022-04-29,fcc
2022-04-29,geesinknorba
2022-04-29,ida
2022-04-29,nord-engineering
2022-04-29,rototank
2022-04-29,sanimobel
2022-04-29,svat
2022-04-29,urban-gravity
2022-05-06,decopolis
2022-05-06,fabrez
2022-05-06,fcc
2022-05-06,geesinknorba
2022-05-06,ida
2022-05-06,nord-engineering
2022-05-06,rototank
2022-05-06,sanimobel
2022-05-06,svat
2022-05-06,urban-gravity
2022-05-13,decopolis
2022-05-13,fabrez
2022-05-13,fcc
2022-05-13,geesinknorba
2022-05-13,ida
2022-05-13,nord-engineering
2022-05-13,rototank
2022-05-13,sanimobel
2022-05-13,svat
2022-05-13,urban-gravity
2022-05-20,decopolis
2022-05-20,fabrez
2022-05-20,fcc
2022-05-20,geesinknorba
2022-05-20,ida
2022-05-20,nord-engineering
2022-05-20,rototank
2022-05-20,sanimobel
2022-05-20,svat
2022-05-20,urban-gravity
2022-05-27,decopolis
2022-05-27,fabrez
2022-05-27,fcc
2022-05-27,geesinknorba
2022-05-27,ida
2022-05-27,nord-engineering
2022-05-27,rototank
2022-05-27,sanimobel
2022-05-27,svat
2022-05-27,urban-gravity
2022-06-03,ambilamp-junio
2022-06-03,decopolis
2022-06-03,fabrez
2022-06-03,fcc
2022-06-03,geesinknorba
2022-06-03,ida
2022-06-03,nord-engineering
2022-06-03,rototank
2022-06-03,sanimobel
2022-06-03,svat
2022-06-03,urban-gravity
2022-06-10,ambilamp-junio
2022-06-10,decopolis
2022-06-10,fabrez
2022-06-10,fcc
2022-06-10,geesinknorba
2022-06-10,ida
2022-06-10,nord-engineering
2022-06-10,rototank
2022-06-10,sanimobel
2022-06-10,svat
2022-06-10,urban-gravity
2022-06-17,ambilamp-junio
2022-06-17,decopolis
2022-06-17,fabrez
2022-06-17,fcc
2022-06-17,geesinknorba
2022-06-17,ida
2022-06-17,nord-engineering
2022-06-17,riversa-home
2022-06-17,rototank
2022-06-17,sanimobel
2022-06-17,svat
2022-06-17,urban-gravity
2022-06-24,ambilamp-junio
2022-06-24,decopolis
2022-06-24,fabrez
2022-06-24,fcc
2022-06-24,geesinknorba
2022-06-24,ida
2022-06-24,nord-engineering
2022-06-24,rototank
2022-06-24,sanimobel
2022-06-24,svat
2022-06-24,urban-gravity
2022-07-01,ambilamp-junio
2022-07-01,decopolis
2022-07-01,ecofira-julio
2022-07-01,fabrez
2022-07-01,fcc
2022-07-01,geesinknorba
2022-07-01,ida
2022-07-01,nord-engineering
2022-07-01,rototank
2022-07-01,sanimobel
2022-07-01,svat
2022-07-01,urban-gravity
2022-07-08,daikin
2022-07-08,decopolis
2022-07-08,ecofira-julio
2022-07-08,fabrez
2022-07-08,fcc
2022-07-08,geesinknorba
2022-07-08,ida
2022-07-08,nord-engineering
2022-07-08,rototank
2022-07-08,sanimobel
2022-07-08,svat
2022-07-08,urban-gravity
2022-07-15,daikin
2022-07-15,decopolis
2022-07-15,ecofira-julio
2022-07-15,fabrez
2022-07-15,fcc
2022-07-15,geesinknorba
2022-07-15,green-mowers
2022-07-15,ida
2022-07-15,nord-engineering
2022-07-15,riversa-home
2022-07-15,rototank
2022-07-15,sanimobel
2022-07-15,svat
2022-07-15,urban-gravity
2022-07-22,daikin
2022-07-22,decopolis
2022-07-22,ecofira-julio
2022-07-22,fabrez
2022-07-22,fcc
2022-07-22,geesinknorba
2022-07-22,ida
2022-07-22,nord-engineering
2022-07-22,riversa-home
2022-07-22,rototank
2022-07-22,sanimobel
2022-07-22,svat
2022-07-22,urban-gravity
2022-07-29,daikin
2022-07-29,decopolis
2022-07-29,ecofira-julio
2022-07-29,fabrez
2022-07-29,fcc
2022-07-29,geesinknorba
2022-07-29,green-mowers
2022-07-29,ida
2022-07-29,nord-engineering
2022-07-29,rototank
2022-07-29,sanimobel
2022-07-29,svat
2022-07-29,urban-gravity
2022-08-05,ambilamp-agosto
2022-08-05,daikin
2022-08-05,decopolis
2022-08-05,fabrez
2022-08-05,fcc
2022-08-05,geesinknorba
2022-08-05,ida
2022-08-05,nord-engineering
2022-08-05,riversa-home
2022-08-05,rototank
2022-08-05,sanimobel
2022-08-05,svat
2022-08-05,urban-gravity
2022-08-12,ambilamp-agosto
2022-08-12,daikin
2022-08-12,decopolis
2022-08-12,fabrez
2022-08-12,fcc
2022-08-12,geesinknorba
2022-08-12,ida
2022-08-12,nord-engineering
2022-08-12,riversa-home
2022-08-12,rototank
2022-08-12,sanimobel
2022-08-12,svat
2022-08-12,urban-gravity
2022-08-26,ambilamp-agosto
2022-08-26,daikin
2022-08-26,decopolis
2022-08-26,fabrez
2022-08-26,fcc
2022-08-26,geesinknorba
2022-08-26,green-mowers
2022-08-26,ida
2022-08-26,nord-engineering
2022-08-26,rototank
2022-08-26,sanimobel
2022-08-26,svat
2022-08-26,urban-gravity
2022-09-02,daikin
2022-09-02,decopolis
2022-09-02,ecofira-septiembre
2022-09-02,fabrez
2022-09-02,fcc
2022-09-02,geesinknorba
2022-09-02,green-mowers
2022-09-02,ida
2022-09-02,nord-engineering
2022-09-02,rototank
2022-09-02,sanimobel
2022-09-02,svat
2022-09-02,urban-gravity
2022-09-09,daikin
2022-09-09,decopolis
2022-09-09,ecofira-septiembre
2022-09-09,fabrez
2022-09-09,fcc
2022-09-09,geesinknorba
2022-09-09,green-mowers
2022-09-09,ida
2022-09-09,nord-engineering
2022-09-09,riversa-home
2022-09-09,rototank
2022-09-09,sanimobel
2022-09-09,svat
2022-09-09,urban-gravity
2022-09-16,daikin
2022-09-16,decopolis
2022-09-16,ecofira-septiembre
2022-09-16,fabrez
2022-09-16,fcc
2022-09-16,geesinknorba
2022-09-16,green-mowers
2022-09-16,ida
2022-09-16,nord-engineering
2022-09-16,riversa-home
2022-09-16,rototank
2022-09-16,sanimobel
2022-09-16,svat
2022-09-16,urban-gravity
2022-09-23,daikin
2022-09-23,decopolis
2022-09-23,ecofira-septiembre
2022-09-23,fabrez
2022-09-23,fcc
2022-09-23,geesinknorba
2022-09-23,green-mowers
2022-09-23,ida
2022-09-23,nord-engineering
2022-09-23,riversa-home
2022-09-23,rototank
2022-09-23,sanimobel
2022-09-23,svat
2022-09-23,urban-gravity
2022-09-30,daikin
2022-09-30,decopolis
2022-09-30,ecofira-septiembre
2022-09-30,fabrez
2022-09-30,fcc
2022-09-30,geesinknorba
2022-09-30,green-mowers
2022-09-30,ida
2022-09-30,nord-engineering
2022-09-30,riversa-home
2022-09-30,rototank
2022-09-30,sanimobel
2022-09-30,svat
2022-09-30,urban-gravity
2022-10-07,ambilamp-octubre
2022-10-07,decopolis
2022-10-07,fabrez
2022-10-07,fcc
2022-10-07,geesinknorba
2022-10-07,green-mowers
2022-10-07,ida
2022-10-07,nord-engineering
2022-10-07,riversa-home
2022-10-07,rototank
2022-10-07,sanimobel
2022-10-07,svat
2022-10-07,urban-gravity
2022-10-14,ambilamp-octubre
2022-10-14,decopolis
2022-10-14,fabrez
2022-10-14,fcc
2022-10-14,geesinknorba
2022-10-14,green-mowers
2022-10-14,ida
2022-10-14,nord-engineering
2022-10-14,rototank
2022-10-14,sanimobel
2022-10-14,svat
2022-10-14,urban-gravity
2022-10-21,ambilamp-octubre
2022-10-21,decopolis
2022-10-21,fabrez
2022-10-21,fcc
2022-10-21,geesinknorba
2022-10-21,green-mowers
2022-10-21,ida
2022-10-21,nord-engineering
2022-10-21,rototank
2022-10-21,sanimobel
2022-10-21,simon
2022-10-21,svat
2022-10-21,urban-gravity
2022-10-28,ambilamp-octubre
2022-10-28,decopolis
2022-10-28,fabrez
2022-10-28,fcc
2022-10-28,geesinknorba
2022-10-28,green-mowers
2022-10-28,ida
2022-10-28,nord-engineering
2022-10-28,riversa-home
2022-10-28,rototank
2022-10-28,sanimobel
2022-10-28,simon
2022-10-28,svat
2022-10-28,urban-gravity
2022-11-04,decopolis
2022-11-04,fabrez
2022-11-04,fcc
2022-11-04,geesinknorba
2022-11-04,green-mowers
2022-11-04,ida
2022-11-04,nord-engineering
2022-11-04,rototank
2022-11-04,sanimobel
2022-11-04,simon
2022-11-04,svat
2022-11-04,urban-gravity
2022-11-11,decopolis
2022-11-11,fabrez
2022-11-11,fcc
2022-11-11,geesinknorba
2022-11-11,green-mowers
2022-11-11,ida
2022-11-11,nord-engineering
2022-11-11,riversa-home
2022-11-11,rototank
2022-11-11,sanimobel
2022-11-11,simon
2022-11-11,svat
2022-11-11,urban-gravity
2022-11-18,decopolis
2022-11-18,fabrez
2022-11-18,fcc
2022-11-18,geesinknorba
2022-11-18,green-mowers
2022-11-18,ida
2022-11-18,nord-engineering
2022-11-18,riversa-home
2022-11-18,rototank
2022-11-18,sanimobel
2022-11-18,simon
2022-11-18,svat
2022-11-18,urban-gravity
2022-11-25,decopolis
2022-11-25,fabrez
2022-11-25,fcc
2022-11-25,geesinknorba
2022-11-25,green-mowers
2022-11-25,ida
2022-11-25,nord-engineering
2022-11-25,riversa-home
2022-11-25,rototank
2022-11-25,sanimobel
2022-11-25,simon
2022-11-25,svat
2022-11-25,urban-gravity
2022-12-02,ambilamp-diciembre
2022-12-02,decopolis
2022-12-02,fabrez
2022-12-02,fcc
2022-12-02,geesinknorba
2022-12-02,green-mowers
2022-12-02,ida
2022-12-02,nord-engineering
2022-12-02,riversa-home
2022-12-02,rototank
2022-12-02,sanimobel
2022-12-02,simon
2022-12-02,svat
2022-12-02,urban-gravity
2022-12-09,ambilamp-diciembre
2022-12-09,decopolis
2022-12-09,fabrez
2022-12-09,fcc
2022-12-09,geesinknorba
2022-12-09,green-mowers
2022-12-09,ida
2022-12-09,nord-engineering
2022-12-09,rototank
2022-12-09,sanimobel
2022-12-09,simon
2022-12-09,svat
2022-12-09,urban-gravity
2022-12-16,ambilamp-diciembre
2022-12-16,decopolis
2022-12-16,fabrez
2022-12-16,fcc
2022-12-16,geesinknorba
2022-12-16,ida
2022-12-16,nord-engineering
2022-12-16,rototank
2022-12-16,sanimobel
2022-12-16,simon
2022-12-16,svat
2022-12-16,urban-gravity
2022-12-23,ambilamp-diciembre
2022-12-23,decopolis
2022-12-23,fabrez
2022-12-23,fcc
2022-12-23,geesinknorba
2022-12-23,ida
2022-12-23,nord-engineering
2022-12-23,rototank
2022-12-23,sanimobel
2022-12-23,simon
2022-12-23,svat
2022-12-23,urban-gravity
2022-12-30,ambilamp-diciembre
2022-12-30,decopolis
2022-12-30,fabrez
2022-12-30,fcc
2022-12-30,geesinknorba
2022-12-30,ida
2022-12-30,nord-engineering
2022-12-30,rototank
2022-12-30,sanimobel
2022-12-30,simon
2022-12-30,svat
2022-12-30,urban-gravity
2022-12-30,webinar-nordsense
2023-01-05,decopolis
2023-01-05,fabrez
2023-01-05,fcc
2023-01-05,geesinknorba
2023-01-05,ida
2023-01-05,nord-engineering
2023-01-05,rototank
2023-01-05,sanimobel
2023-01-05,simon
2023-01-05,svat
2023-01-05,urban-gravity
2023-01-05,webinar-nordsense
2023-01-13,decopolis
2023-01-13,fabrez
2023-01-13,fcc
2023-01-13,geesinknorba
2023-01-13,ida
2023-01-13,nord-engineering
2023-01-13,rototank
2023-01-13,sanimobel
2023-01-13,simon
2023-01-13,svat
2023-01-13,urban-gravity
2023-01-13,webinar-nordsense
2023-01-20,decopolis
2023-01-20,fabrez
2023-01-20,fcc
2023-01-20,geesinknorba
2023-01-20,ida
2023-01-20,nord-engineering
2023-01-20,rototank
2023-01-20,sanimobel
2023-01-20,simon
2023-01-20,svat
2023-01-20,urban-gravity
2023-01-20,webinar-nordsense
2023-01-27,decopolis
2023-01-27,fabrez
2023-01-27,fcc
2023-01-27,geesinknorba
2023-01-27,ida
2023-01-27,nord-engineering
2023-01-27,rototank
2023-01-27,sanimobel
2023-01-27,svat
2023-01-27,urban-gravity
2023-01-27,webinar-moda-re
2023-02-03,ambilamp-abril
2023-02-03,decopolis
2023-02-03,fabrez
2023-02-03,fcc
2023-02-03,geesinknorba
2023-02-03,ida
2023-02-03,nord-engineering
2023-02-03,rototank
2023-02-03,sanimobel
2023-02-03,svat
2023-02-03,urban-gravity
2023-02-03,webinar-moda-re
2023-02-10,ambilamp-abril
2023-02-10,decopolis
2023-02-10,fabrez
2023-02-10,fcc
2023-02-10,geesinknorba
2023-02-10,ida
2023-02-10,nord-engineering
2023-02-10,rototank
2023-02-10,sanimobel
2023-02-10,svat
2023-02-10,urban-gravity
2023-02-10,webinar-moda-re
2023-02-17,ambilamp-abril
2023-02-17,decopolis
2023-02-17,fabrez
2023-02-17,fcc
2023-02-17,geesinknorba
2023-02-17,ida
2023-02-17,nord-engineering
2023-02-17,rototank
2023-02-17,sanimobel
2023-02-17,svat
2023-02-17,urban-gravity
2023-02-17,webinar-moda-re
2023-02-24,ambilamp-abril
2023-02-24,decopolis
2023-02-24,fabrez
2023-02-24,fcc
2023-02-24,geesinknorba
2023-02-24,ida
2023-02-24,nord-engineering
2023-02-24,rototank
2023-02-24,sanimobel
2023-02-24,svat
2023-02-24,urban-gravity
2023-03-03,ambilamp-abril
2023-03-03,decopolis
2023-03-03,fabrez
2023-03-03,fcc
2023-03-03,geesinknorba
2023-03-03,ida
2023-03-03,kress
2023-03-03,nord-engineering
2023-03-03,rototank
2023-03-03,sanimobel
2023-03-10,ambilamp-abril
2023-03-10,decopolis
2023-03-10,fabrez
2023-03-10,fcc
2023-03-10,geesinknorba
2023-03-10,ida
2023-03-10,kress
2023-03-10,nord-engineering
2023-03-10,query-consulting
2023-03-10,rototank
2023-03-10,sanimobel
2023-03-10,svat
2023-03-10,urban-gravity
2023-03-17,ambilamp-abril
2023-03-17,decopolis
2023-03-17,fabrez
2023-03-17,fcc
2023-03-17,geesinknorba
2023-03-17,ida
2023-03-17,internaco
2023-03-17,kress
2023-03-17,nord-engineering
2023-03-17,query-consulting
2023-03-17,rototank
2023-03-17,sanimobel
2023-03-17,svat
2023-03-17,urban-gravity
2023-03-17,veolia
2023-03-24,ambilamp-abril
2023-03-24,decopolis
2023-03-24,fabrez
2023-03-24,fcc
2023-03-24,geesinknorba
2023-03-24,ida
2023-03-24,internaco
2023-03-24,kress
2023-03-24,nord-engineering
2023-03-24,query-consulting
2023-03-24,rototank
2023-03-24,sanimobel
2023-03-24,svat
2023-03-24,urban-gravity
2023-03-24,veolia
2023-03-31,ambilamp-abril
2023-03-31,decopolis
2023-03-31,fabrez
2023-03-31,fcc
2023-03-31,femazz
2023-03-31,geesinknorba
2023-03-31,ida
2023-03-31,internaco
2023-03-31,kress
2023-03-31,nord-engineering
2023-03-31,query-consulting
2023-03-31,rototank
2023-03-31,sanimobel
2023-03-31,svat
2023-03-31,urban-gravity
2023-03-31,veolia
2023-04-05,ambilamp-abril
2023-04-05,decopolis
2023-04-05,fabrez
2023-04-05,fcc
2023-04-05,femazz
2023-04-05,geesinknorba
2023-04-05,ida
2023-04-05,internaco
2023-04-05,kress
2023-04-05,nord-engineering
2023-04-05,query-consulting
2023-04-05,rototank
2023-04-05,sanimobel
2023-04-05,svat
2023-04-05,urban-gravity
2023-04-05,veolia
2023-04-14,ambilamp-abril
2023-04-14,decopolis
2023-04-14,fabrez
2023-04-14,fcc
2023-04-14,femazz
2023-04-14,geesinknorba
2023-04-14,ida
2023-04-14,internaco
2023-04-14,kress
2023-04-14,nord-engineering
2023-04-14,query-consulting
2023-04-14,rototank
2023-04-14,sanimobel
2023-04-14,svat
2023-04-14,urban-gravity
2023-04-14,veolia
2023-04-21,ambilamp-abril
2023-04-21,decopolis
2023-04-21,fabrez
2023-04-21,fcc
2023-04-21,femazz
2023-04-21,geesinknorba
2023-04-21,ida
2023-04-21,internaco
2023-04-21,kress
2023-04-21,movisat
2023-04-21,nord-engineering
2023-04-21,query-consulting
2023-04-21,rototank
2023-04-21,sanimobel
2023-04-21,svat
2023-04-21,urban-gravity
2023-04-21,veolia
2023-04-28,ambilamp-abril
2023-04-28,decopolis
2023-04-28,fabrez
2023-04-28,fcc
2023-04-28,femazz
2023-04-28,geesinknorba
2023-04-28,ida
2023-04-28,internaco
2023-04-28,kress
2023-04-28,movisat
2023-04-28,nord-engineering
2023-04-28,query-consulting
2023-04-28,rototank
2023-04-28,sanimobel
2023-04-28,svat
2023-04-28,urban-gravity
2023-04-28,veolia
2023-05-05,ambilamp-abril
2023-05-05,decopolis
2023-05-05,fabrez
2023-05-05,fcc
2023-05-05,femazz
2023-05-05,geesinknorba
2023-05-05,ida
2023-05-05,internaco
2023-05-05,kress
2023-05-05,movisat
2023-05-05,nord-engineering
2023-05-05,query-consulting
2023-05-05,rototank
2023-05-05,sanimobel
2023-05-05,svat
2023-05-05,urban-gravity
2023-05-05,veolia
2023-05-12,ambilamp-abril
2023-05-12,decopolis
2023-05-12,fabrez
2023-05-12,fcc
2023-05-12,femazz
2023-05-12,geesinknorba
2023-05-12,ida
2023-05-12,internaco
2023-05-12,kress
2023-05-12,movisat
2023-05-12,nord-engineering
2023-05-12,query-consulting
2023-05-12,rototank
2023-05-12,sanimobel
2023-05-12,svat
2023-05-12,urban-gravity
2023-05-12,veolia
2023-05-19,ambilamp-abril
2023-05-19,decopolis
2023-05-19,fabrez
2023-05-19,fcc
2023-05-19,femazz
2023-05-19,geesinknorba
2023-05-19,ida
2023-05-19,internaco
2023-05-19,kress
2023-05-19,movisat
2023-05-19,nord-engineering
2023-05-19,query-consulting
2023-05-19,rototank
2023-05-19,sanimobel
2023-05-19,svat
2023-05-19,urban-gravity
2023-05-19,veolia
2023-05-26,ambilamp-abril
2023-05-26,decopolis
2023-05-26,fabrez
2023-05-26,fcc
2023-05-26,femazz
2023-05-26,geesinknorba
2023-05-26,ida
2023-05-26,internaco
2023-05-26,kress
2023-05-26,movisat
2023-05-26,nord-engineering
2023-05-26,query-consulting
2023-05-26,rototank
2023-05-26,sanimobel
2023-05-26,svat
2023-05-26,urban-gravity
2023-05-26,veolia
2023-06-02,ambilamp-abril
2023-06-02,decopolis
2023-06-02,fabrez
2023-06-02,fcc
2023-06-02,femazz
2023-06-02,geesinknorba
2023-06-02,ida
2023-06-02,internaco
2023-06-02,kress
2023-06-02,movisat
2023-06-02,nord-engineering
2023-06-02,query-consulting
2023-06-02,rototank
2023-06-02,sanimobel
2023-06-02,svat
2023-06-02,urban-gravity
2023-06-02,veolia
2023-06-09,ambilamp-abril
2023-06-09,decopolis
2023-06-09,fabrez
2023-06-09,fcc
2023-06-09,femazz
2023-06-09,geesinknorba
2023-06-09,ida
2023-06-09,internaco
2023-06-09,kress
2023-06-09,movisat
2023-06-09,nord-engineering
2023-06-09,query-consulting
2023-06-09,rototank
2023-06-09,sanimobel
2023-06-09,svat
2023-06-09,urban-gravity
2023-06-09,veolia
2023-06-16,ambilamp-abril
2023-06-16,baron
2023-06-16,decopolis
2023-06-16,fabrez
2023-06-16,fcc
2023-06-16,femazz
2023-06-16,geesinknorba
2023-06-16,ida
2023-06-16,internaco
2023-06-16,kress
2023-06-16,movisat
2023-06-16,nord-engineering
2023-06-16,pollutec
2023-06-16,query-consulting
2023-06-16,rototank
2023-06-16,sanimobel
2023-06-16,svat
2023-06-16,urban-gravity
2023-06-16,veolia
2023-06-23,ambilamp-abril
2023-06-23,baron
2023-06-23,boreal-it
2023-06-23,decopolis
2023-06-23,fabrez
2023-06-23,fcc
2023-06-23,femazz
2023-06-23,geesinknorba
2023-06-23,ida
2023-06-23,internaco
2023-06-23,kress
2023-06-23,movisat
2023-06-23,nord-engineering
2023-06-23,pollutec
2023-06-23,query-consulting
2023-06-23,rototank
2023-06-23,sanimobel
2023-06-23,svat
2023-06-23,urban-gravity
2023-06-23,veolia
2023-06-30,ambilamp-abril
2023-06-30,baron
2023-06-30,boreal-it
2023-06-30,decopolis
2023-06-30,fabrez
2023-06-30,fcc
2023-06-30,femazz
2023-06-30,geesinknorba
2023-06-30,ida
2023-06-30,internaco
2023-06-30,kress
2023-06-30,movisat
2023-06-30,nord-engineering
2023-06-30,pollutec
2023-06-30,query-consulting
2023-06-30,rototank
2023-06-30,sanimobel
2023-06-30,svat
2023-06-30,urban-gravity
2023-06-30,veolia
2023-07-07,ambilamp-abril
2023-07-07,baron
2023-07-07,boreal-it
2023-07-07,contenur
2023-07-07,decopolis
2023-07-07,fabrez
2023-07-07,fcc
2023-07-07,femazz
2023-07-07,geesinknorba
2023-07-07,ida
2023-07-07,internaco
2023-07-07,kress
2023-07-07,movisat
2023-07-07,nord-engineering
2023-07-07,pollutec
2023-07-07,query-consulting
2023-07-07,rototank
2023-07-07,sanimobel
2023-07-07,svat
2023-07-07,urban-gravity
2023-07-07,veolia
2023-07-13,ambilamp-abril
2023-07-13,baron
2023-07-13,boreal-it
2023-07-13,contenur
2023-07-13,decopolis
2023-07-13,fabrez
2023-07-13,fcc
2023-07-13,femazz
2023-07-13,geesinknorba
2023-07-13,ida
2023-07-13,internaco
2023-07-13,kress
2023-07-13,movisat
2023-07-13,nord-engineering
2023-07-13,pollutec
2023-07-13,query-consulting
2023-07-13,rototank
2023-07-13,sanimobel
2023-07-13,svat
2023-07-13,urban-gravity
2023-07-13,veolia
2023-07-21,ambilamp-abril
2023-07-21,baron
2023-07-21,boreal-it
2023-07-21,contenur
2023-07-21,decopolis
2023-07-21,fabrez
2023-07-21,fcc
2023-07-21,femazz
2023-07-21,geesinknorba
2023-07-21,ida
2023-07-21,internaco
2023-07-21,kress
2023-07-21,movisat
2023-07-21,nord-engineering
2023-07-21,pollutec
2023-07-21,query-consulting
2023-07-21,rototank
2023-07-21,sanimobel
2023-07-21,svat
2023-07-21,urban-gravity
2023-07-21,veolia
2023-07-27,ambilamp-abril
2023-07-27,baron
2023-07-27,boreal-it
2023-07-27,contenur
2023-07-27,decopolis
2023-07-27,fabrez
2023-07-27,fcc
2023-07-27,femazz
2023-07-27,geesinknorba
2023-07-27,ida
2023-07-27,internaco
2023-07-27,kress
2023-07-27,movisat
2023-07-27,nord-engineering
2023-07-27,pollutec
2023-07-27,query-consulting
2023-07-27,rototank
2023-07-27,sanimobel
2023-07-27,svat
2023-07-27,urban-gravity
2023-07-27,veolia
2023-08-04,ambilamp-abril
2023-08-04,baron
2023-08-04,boreal-it
2023-08-04,contenur
2023-08-04,decopolis
2023-08-04,fabrez
2023-08-04,fcc
2023-08-04,femazz
2023-08-04,geesinknorba
2023-08-04,ida
2023-08-04,internaco
2023-08-04,kress
2023-08-04,movisat
2023-08-04,nord-engineering
2023-08-04,pollutec
2023-08-04,query-consulting
2023-08-04,rototank
2023-08-04,sanimobel
2023-08-04,svat
2023-08-04,urban-gravity
2023-08-04,veolia
2023-08-11,ambilamp-abril
2023-08-11,baron
2023-08-11,boreal-it
2023-08-11,contenur
2023-08-11,decopolis
2023-08-11,fabrez
2023-08-11,fcc
2023-08-11,femazz
2023-08-11,geesinknorba
2023-08-11,ida
2023-08-11,internaco
2023-08-11,kress
2023-08-11,movisat
2023-08-11,nord-engineering
2023-08-11,pollutec
2023-08-11,query-consulting
2023-08-11,rototank
2023-08-11,sanimobel
2023-08-11,svat
2023-08-11,urban-gravity
2023-08-11,veolia
2023-08-18,ambilamp-abril
2023-08-18,baron
2023-08-18,boreal-it
2023-08-18,contenur
2023-08-18,decopolis
2023-08-18,fabrez
2023-08-18,fcc
2023-08-18,femazz
2023-08-18,geesinknorba
2023-08-18,ida
2023-08-18,internaco
2023-08-18,kress
2023-08-18,movisat
2023-08-18,nord-engineering
2023-08-18,pollutec
2023-08-18,query-consulting
2023-08-18,rototank
2023-08-18,sanimobel
2023-08-18,svat
2023-08-18,urban-gravity
2023-08-18,veolia
2023-08-25,ambilamp-abril
2023-08-25,baron
2023-08-25,boreal-it
2023-08-25,contenur
2023-08-25,decopolis
2023-08-25,fabrez
2023-08-25,fcc
2023-08-25,femazz
2023-08-25,geesinknorba
2023-08-25,ida
2023-08-25,internaco
2023-08-25,kress
2023-08-25,movisat
2023-08-25,nord-engineering
2023-08-25,pollutec
2023-08-25,query-consulting
2023-08-25,rototank
2023-08-25,sanimobel
2023-08-25,svat
2023-08-25,urban-gravity
2023-08-25,veolia
2023-09-01,ambilamp-abril
2023-09-01,baron
2023-09-01,boreal-it
2023-09-01,contenur
2023-09-01,decopolis
2023-09-01,fabrez
2023-09-01,fcc
2023-09-01,femazz
2023-09-01,geesinknorba
2023-09-01,ida
2023-09-01,internaco
2023-09-01,kress
2023-09-01,movisat
2023-09-01,nord-engineering
2023-09-01,pollutec
2023-09-01,query-consulting
2023-09-01,rototank
2023-09-01,sanimobel
2023-09-01,svat
2023-09-01,urban-gravity
2023-09-01,veolia
2023-09-08,ambilamp-abril
2023-09-08,baron
2023-09-08,boreal-it
2023-09-08,contenur
2023-09-08,decopolis
2023-09-08,fabrez
2023-09-08,fcc
2023-09-08,femazz
2023-09-08,geesinknorba
2023-09-08,ida
2023-09-08,internaco
2023-09-08,kress
2023-09-08,movisat
2023-09-08,nord-engineering
2023-09-08,pollutec
2023-09-08,query-consulting
2023-09-08,rototank
2023-09-08,sanimobel
2023-09-08,svat
2023-09-08,urban-gravity
2023-09-08,veolia
2023-09-15,ambilamp-abril
2023-09-15,baron
2023-09-15,boreal-it
2023-09-15,contenur
2023-09-15,decopolis
2023-09-15,fabrez
2023-09-15,fcc
2023-09-15,femazz
2023-09-15,geesinknorba
2023-09-15,ida
2023-09-15,internaco
2023-09-15,kress
2023-09-15,movisat
2023-09-15,nord-engineering
2023-09-15,query-consulting
2023-09-15,rototank
2023-09-15,sanimobel
2023-09-15,svat
2023-09-15,urban-gravity
2023-09-15,veolia
2023-09-22,ambilamp-abril
2023-09-22,baron
2023-09-22,boreal-it
2023-09-22,contenur
2023-09-22,decopolis
2023-09-22,fabrez
2023-09-22,fcc
2023-09-22,femazz
2023-09-22,geesinknorba
2023-09-22,ida
2023-09-22,internaco
2023-09-22,kress
2023-09-22,movisat
2023-09-22,nord-engineering
2023-09-22,query-consulting
2023-09-22,rototank
2023-09-22,sanimobel
2023-09-22,svat
2023-09-22,urban-gravity
2023-09-22,veolia
2023-09-29,ambilamp-abril
2023-09-29,baron
2023-09-29,boreal-it
2023-09-29,contenur
2023-09-29,decopolis
2023-09-29,fabrez
2023-09-29,fcc
2023-09-29,femazz
2023-09-29,geesinknorba
2023-09-29,ida
2023-09-29,internaco
2023-09-29,kress
2023-09-29,movisat
2023-09-29,nord-engineering
2023-09-29,query-consulting
2023-09-29,rototank
2023-09-29,sanimobel
2023-09-29,svat
2023-09-29,urban-gravity
2023-09-29,veolia
2023-10-06,ambilamp-abril
2023-10-06,baron
2023-10-06,boreal-it
2023-10-06,contenur
2023-10-06,decopolis
2023-10-06,fabrez
2023-10-06,fcc
2023-10-06,femazz
2023-10-06,geesinknorba
2023-10-06,ida
2023-10-06,internaco
2023-10-06,kress
2023-10-06,movisat
2023-10-06,nord-engineering
2023-10-06,query-consulting
2023-10-06,rototank
2023-10-06,sanimobel
2023-10-06,svat
2023-10-06,urban-gravity
2023-10-06,veolia
2023-10-13,ambilamp-abril
2023-10-13,baron
2023-10-13,boreal-it
2023-10-13,contenur
2023-10-13,decopolis
2023-10-13,fabrez
2023-10-13,fcc
2023-10-13,femazz
2023-10-13,geesinknorba
2023-10-13,ida
2023-10-13,internaco
2023-10-13,kress
2023-10-13,moheda-group
2023-10-13,movisat
2023-10-13,nord-engineering
2023-10-13,query-consulting
2023-10-13,rototank
2023-10-13,sanimobel
2023-10-13,svat
2023-10-13,urban-gravity
2023-10-13,veolia
2023-10-20,ambilamp-abril
2023-10-20,baron
2023-10-20,boreal-it
2023-10-20,contenur
2023-10-20,decopolis
2023-10-20,fabrez
2023-10-20,fcc
2023-10-20,femazz
2023-10-20,geesinknorba
2023-10-20,ida
2023-10-20,internaco
2023-10-20,kress
2023-10-20,moheda-group
2023-10-20,movisat
2023-10-20,nord-engineering
2023-10-20,query-consulting
2023-10-20,rototank
2023-10-20,sanimobel
2023-10-20,svat
2023-10-20,urban-gravity
2023-10-20,veolia
2023-10-27,ambilamp-abril
2023-10-27,baron
2023-10-27,boreal-it
2023-10-27,contenur
2023-10-27,decopolis
2023-10-27,fabrez
2023-10-27,fcc
2023-10-27,femazz
2023-10-27,geesinknorba
2023-10-27,ida
2023-10-27,internaco
2023-10-27,kress
2023-10-27,moheda-group
2023-10-27,movisat
2023-10-27,nord-engineering
2023-10-27,query-consulting
2023-10-27,rototank
2023-10-27,sanimobel
2023-10-27,svat
2023-10-27,urban-gravity
2023-10-27,veolia
2023-11-03,ambilamp-abril
2023-11-03,baron
2023-11-03,boreal-it
2023-11-03,contenur
2023-11-03,decopolis
2023-11-03,fabrez
2023-11-03,fcc
2023-11-03,femazz
2023-11-03,geesinknorba
2023-11-03,ida
2023-11-03,internaco
2023-11-03,iotsens
2023-11-03,kress
2023-11-03,moheda-group
2023-11-03,movisat
2023-11-03,nord-engineering
2023-11-03,query-consulting
2023-11-03,rototank
2023-11-03,sanimobel
2023-11-03,svat
2023-11-03,urban-gravity
2023-11-03,veolia
2023-11-10,ambilamp-abril
2023-11-10,baron
2023-11-10,boreal-it
2023-11-10,contenur
2023-11-10,decopolis
2023-11-10,fabrez
2023-11-10,fcc
2023-11-10,femazz
2023-11-10,geesinknorba
2023-11-10,ida
2023-11-10,internaco
2023-11-10,iotsens
2023-11-10,kress
2023-11-10,moheda-group
2023-11-10,movisat
2023-11-10,nord-engineering
2023-11-10,query-consulting
2023-11-10,rototank
2023-11-10,sanimobel
2023-11-10,svat
2023-11-10,urban-gravity
2023-11-10,veolia
2023-11-17,ambilamp-abril
2023-11-17,baron
2023-11-17,boreal-it
2023-11-17,contenur
2023-11-17,decopolis
2023-11-17,fabrez
2023-11-17,fcc
2023-11-17,femazz
2023-11-17,geesinknorba
2023-11-17,ida
2023-11-17,internaco
2023-11-17,iotsens
2023-11-17,kress
2023-11-17,moheda-group
2023-11-17,movisat
2023-11-17,nord-engineering
2023-11-17,query-consulting
2023-11-17,rototank
2023-11-17,sanimobel
2023-11-17,svat
2023-11-17,urban-gravity
2023-11-17,veolia
2023-11-24,ambilamp-abril
2023-11-24,baron
2023-11-24,boreal-it
2023-11-24,contenur
2023-11-24,decopolis
2023-11-24,fabrez
2023-11-24,fcc
2023-11-24,femazz
2023-11-24,geesinknorba
2023-11-24,ida
2023-11-24,internaco
2023-11-24,iotsens
2023-11-24,kress
2023-11-24,moheda-group
2023-11-24,movisat
2023-11-24,movistar-smart-utilities
2023-11-24,nord-engineering
2023-11-24,query-consulting
2023-11-24,rototank
2023-11-24,sanimobel
2023-11-24,svat
2023-11-24,urban-gravity
2023-11-24,veolia
2023-12-01,ambilamp-abril
2023-12-01,baron
2023-12-01,boreal-it
2023-12-01,contenur
2023-12-01,decopolis
2023-12-01,fabrez
2023-12-01,fcc
2023-12-01,femazz
2023-12-01,geesinknorba
2023-12-01,ida
2023-12-01,internaco
2023-12-01,iotsens
2023-12-01,kress
2023-12-01,lightbuilding
2023-12-01,moheda-group
2023-12-01,movisat
2023-12-01,movistar-smart-utilities
2023-12-01,nord-engineering
2023-12-01,query-consulting
2023-12-01,rototank
2023-12-01,sanimobel
2023-12-01,svat
2023-12-01,urban-gravity
2023-12-01,veolia
2023-12-07,ambilamp-abril
2023-12-07,baron
2023-12-07,boreal-it
2023-12-07,contenur
2023-12-07,decopolis
2023-12-07,fabrez
2023-12-07,fcc
2023-12-07,femazz
2023-12-07,geesinknorba
2023-12-07,ida
2023-12-07,internaco
2023-12-07,iotsens
2023-12-07,kress
2023-12-07,lightbuilding
2023-12-07,moheda-group
2023-12-07,movisat
2023-12-07,movistar-smart-utilities
2023-12-07,nord-engineering
2023-12-07,query-consulting
2023-12-07,rototank
2023-12-07,sanimobel
2023-12-07,svat
2023-12-07,urban-gravity
2023-12-07,veolia
2023-12-15,ambilamp-abril
2023-12-15,baron
2023-12-15,boreal-it
2023-12-15,contenur
2023-12-15,decopolis
2023-12-15,fabrez
2023-12-15,fcc
2023-12-15,femazz
2023-12-15,geesinknorba
2023-12-15,ida
2023-12-15,internaco
2023-12-15,iotsens
2023-12-15,kress
2023-12-15,lightbuilding
2023-12-15,moheda-group
2023-12-15,movisat
2023-12-15,nord-engineering
2023-12-15,query-consulting
2023-12-15,rototank
2023-12-15,sanimobel
2023-12-15,svat
2023-12-15,urban-gravity
2023-12-15,veolia
2023-12-22,ambilamp-abril
2023-12-22,baron
2023-12-22,boreal-it
2023-12-22,contenur
2023-12-22,decopolis
2023-12-22,fabrez
2023-12-22,fcc
2023-12-22,femazz
2023-12-22,geesinknorba
2023-12-22,ida
2023-12-22,internaco
2023-12-22,iotsens
2023-12-22,kress
2023-12-22,lightbuilding
2023-12-22,moheda-group
2023-12-22,movisat
2023-12-22,nord-engineering
2023-12-22,query-consulting
2023-12-22,rototank
2023-12-22,sanimobel
2023-12-22,svat
2023-12-22,urban-gravity
2023-12-22,veolia
2024-01-05,ambilamp-abril
2024-01-05,boreal-it
2024-01-05,contenur
2024-01-05,decopolis
2024-01-05,fabrez
2024-01-05,fcc
2024-01-05,femazz
2024-01-05,geesinknorba
2024-01-05,ida
2024-01-05,internaco
2024-01-05,kress
2024-01-05,lightbuilding
2024-01-05,moheda-group
2024-01-05,movisat
2024-01-05,nord-engineering
2024-01-05,query-consulting
2024-01-05,rototank
2024-01-05,sanimobel
2024-01-05,svat
2024-01-05,urban-gravity
2024-01-05,veolia
2024-01-12,ambilamp-abril
2024-01-12,boreal-it
2024-01-12,contenur
2024-01-12,decopolis
2024-01-12,fabrez
2024-01-12,fcc
2024-01-12,femazz
2024-01-12,geesinknorba
2024-01-12,ida
2024-01-12,internaco
2024-01-12,kompan
2024-01-12,kress
2024-01-12,lightbuilding
2024-01-12,moheda-group
2024-01-12,movisat
2024-01-12,nord-engineering
2024-01-12,query-consulting
2024-01-12,rototank
2024-01-12,sanimobel
2024-01-12,svat
2024-01-12,urban-gravity
2024-01-12,veolia
2024-01-19,ambilamp-abril
2024-01-19,boreal-it
2024-01-19,contenur
2024-01-19,decopolis
2024-01-19,expomunicipal
2024-01-19,fabrez
2024-01-19,fcc
2024-01-19,femazz
2024-01-19,geesinknorba
2024-01-19,ida
2024-01-19,internaco
2024-01-19,kompan
2024-01-19,kress
2024-01-19,lightbuilding
2024-01-19,moheda-group
2024-01-19,movisat
2024-01-19,nord-engineering
2024-01-19,query-consulting
2024-01-19,riversa
2024-01-19,rototank
2024-01-19,sanimobel
2024-01-19,svat
2024-01-19,urban-gravity
2024-01-19,veolia
2024-01-26,ambilamp-abril
2024-01-26,anclajes-marcelino
2024-01-26,boreal-it
2024-01-26,contenur
2024-01-26,decopolis
2024-01-26,expomunicipal
2024-01-26,fabrez
2024-01-26,fcc
2024-01-26,femazz
2024-01-26,geesinknorba
2024-01-26,ida
2024-01-26,internaco
2024-01-26,kompan
2024-01-26,kress
2024-01-26,lightbuilding
2024-01-26,moheda-group
2024-01-26,movisat
2024-01-26,nord-engineering
2024-01-26,query-consulting
2024-01-26,riversa
2024-01-26,rototank
2024-01-26,sanimobel
2024-01-26,svat
2024-01-26,urban-gravity
2024-01-26,veolia
2024-02-02,anclajes-marcelino
2024-02-02,boreal-it
2024-02-02,decopolis
2024-02-02,expomunicipal
2024-02-02,fabrez
2024-02-02,femazz
2024-02-02,ida
2024-02-02,internaco
2024-02-02,kompan
2024-02-02,kress
2024-02-02,lightbuilding
2024-02-02,moheda-group
2024-02-02,movisat
2024-02-02,nord-engineering
2024-02-02,query-consulting
2024-02-02,riversa
2024-02-02,rosmiman
2024-02-02,rototank
2024-02-02,sanimobel
2024-02-02,svat
2024-02-02,urban-gravity
2024-02-02,veolia
2024-02-09,ambilamp-abril
2024-02-09,anclajes-marcelino
2024-02-09,boreal-it
2024-02-09,decopolis
2024-02-09,expomunicipal
2024-02-09,fabrez
2024-02-09,fcc
2024-02-09,femazz
2024-02-09,ida
2024-02-09,internaco
2024-02-09,kompan
2024-02-09,kress
2024-02-09,lightbuilding
2024-02-09,moheda-group
2024-02-09,movisat
2024-02-09,nord-engineering
2024-02-09,query-consulting
2024-02-09,riversa
2024-02-09,rosmiman
2024-02-09,rototank
2024-02-09,sanimobel
2024-02-09,svat
2024-02-09,urban-gravity
2024-02-09,veolia
2024-02-16,ambilamp-abril
2024-02-16,anclajes-marcelino
2024-02-16,boreal-it
2024-02-16,decopolis
2024-02-16,expomunicipal
2024-02-16,fabrez
2024-02-16,fcc
2024-02-16,femazz
2024-02-16,ida
2024-02-16,kompan
2024-02-16,kress
2024-02-16,lightbuilding
2024-02-16,moheda-group
2024-02-16,movisat
2024-02-16,nord-engineering
2024-02-16,query-consulting
2024-02-16,riversa
2024-02-16,rosmiman
2024-02-16,rototank
2024-02-16,sanimobel
2024-02-16,svat
2024-02-16,urban-gravity
2024-02-16,veolia
2024-02-23,aco
2024-02-23,ambilamp-abril
2024-02-23,anclajes-marcelino
2024-02-23,boreal-it
2024-02-23,decopolis
2024-02-23,expomunicipal
2024-02-23,fabrez
2024-02-23,fcc
2024-02-23,femazz
2024-02-23,ida
2024-02-23,kompan
2024-02-23,kress
2024-02-23,lightbuilding
2024-02-23,moheda-group
2024-02-23,movisat
2024-02-23,nord-engineering
2024-02-23,query-consulting
2024-02-23,riversa
2024-02-23,rosmiman
2024-02-23,rototank
2024-02-23,sanimobel
2024-02-23,svat
2024-02-23,tecma
2024-02-23,urban-gravity
2024-02-23,veolia
2024-03-01,aco
2024-03-01,ambilamp-abril
2024-03-01,anclajes-marcelino
2024-03-01,boreal-it
2024-03-01,decopolis
2024-03-01,expomunicipal
2024-03-01,fabrez
2024-03-01,fcc
2024-03-01,femazz
2024-03-01,ida
2024-03-01,kompan
2024-03-01,kress
2024-03-01,moheda-group
2024-03-01,movisat
2024-03-01,nord-engineering
2024-03-01,query-consulting
2024-03-01,riversa
2024-03-01,rosmiman
2024-03-01,rototank
2024-03-01,sanimobel
2024-03-01,svat
2024-03-01,tecma
2024-03-01,urban-gravity
2024-03-01,veolia
2024-03-08,aco
2024-03-08,ambilamp-abril
2024-03-08,anclajes-marcelino
2024-03-08,boreal-it
2024-03-08,decopolis
2024-03-08,expomunicipal
2024-03-08,fabrez
2024-03-08,fcc
2024-03-08,ida
2024-03-08,kompan
2024-03-08,kress
2024-03-08,moba
2024-03-08,moheda-group
2024-03-08,movisat
2024-03-08,nord-engineering
2024-03-08,query-consulting
2024-03-08,riversa
2024-03-08,rosmiman
2024-03-08,rototank
2024-03-08,sanimobel
2024-03-08,svat
2024-03-08,tecma
2024-03-08,urban-gravity
2024-03-08,veolia
2024-03-15,aco
2024-03-15,ambilamp-abril
2024-03-15,anclajes-marcelino
2024-03-15,boreal-it
2024-03-15,contenur
2024-03-15,decopolis
2024-03-15,expomunicipal
2024-03-15,fabrez
2024-03-15,fcc
2024-03-15,ida
2024-03-15,kompan
2024-03-15,kress
2024-03-15,moba
2024-03-15,moheda-group
2024-03-15,movisat
2024-03-15,nord-engineering
2024-03-15,query-consulting
2024-03-15,riversa
2024-03-15,rosmiman
2024-03-15,rototank
2024-03-15,sanimobel
2024-03-15,svat
2024-03-15,tecma
2024-03-15,urban-gravity
2024-03-15,veolia
2024-03-22,aco
2024-03-22,ambilamp-abril
2024-03-22,anclajes-marcelino
2024-03-22,boreal-it
2024-03-22,contenur
2024-03-22,decopolis
2024-03-22,expomunicipal
2024-03-22,fabrez
2024-03-22,fcc
2024-03-22,ida
2024-03-22,kompan
2024-03-22,kress
2024-03-22,moba
2024-03-22,moheda-group
2024-03-22,movisat
2024-03-22,nord-engineering
2024-03-22,query-consulting
2024-03-22,riversa
2024-03-22,rosmiman
2024-03-22,rototank
2024-03-22,sanimobel
2024-03-22,svat
2024-03-22,tecma
2024-03-22,urban-gravity
2024-03-22,veolia
2024-03-27,aco
2024-03-27,ambilamp-abril
2024-03-27,anclajes-marcelino
2024-03-27,boreal-it
2024-03-27,contenur
2024-03-27,decopolis
2024-03-27,expomunicipal
2024-03-27,ida
2024-03-27,kompan
2024-03-27,kress
2024-03-27,moba
2024-03-27,moheda-group
2024-03-27,movisat
2024-03-27,nord-engineering
2024-03-27,query-consulting
2024-03-27,riversa
2024-03-27,rototank
2024-03-27,sanimobel
2024-03-27,svat
2024-03-27,tecma
2024-03-27,tenax
2024-03-27,urban-gravity
2024-03-27,veolia
2024-04-05,aco
2024-04-05,ambilamp-abril
2024-04-05,anclajes-marcelino
2024-04-05,boreal-it
2024-04-05,contenur
2024-04-05,decopolis
2024-04-05,expomunicipal
2024-04-05,fcc
2024-04-05,ida
2024-04-05,kompan
2024-04-05,kress
2024-04-05,moba
2024-04-05,moheda-group
2024-04-05,movisat
2024-04-05,nord-engineering
2024-04-05,query-consulting
2024-04-05,riversa
2024-04-05,rosmiman
2024-04-05,rototank
2024-04-05,sanimobel
2024-04-05,svat
2024-04-05,tecma
2024-04-05,tenax
2024-04-05,urban-gravity
2024-04-05,veolia
2024-04-12,aco
2024-04-12,ambilamp-abril
2024-04-12,anclajes-marcelino
2024-04-12,boreal-it
2024-04-12,contenur
2024-04-12,decopolis
2024-04-12,expomunicipal
2024-04-12,fcc
2024-04-12,ida
2024-04-12,kompan
2024-04-12,kress
2024-04-12,moba
2024-04-12,moheda-group
2024-04-12,movisat
2024-04-12,nord-engineering
2024-04-12,query-consulting
2024-04-12,riversa
2024-04-12,rosmiman
2024-04-12,rototank
2024-04-12,sanimobel
2024-04-12,svat
2024-04-12,tecma
2024-04-12,tenax
2024-04-12,urban-gravity
2024-04-12,veolia
2024-04-19,aco
2024-04-19,ambilamp-abril
2024-04-19,anclajes-marcelino
2024-04-19,boreal-it
2024-04-19,contenur
2024-04-19,decopolis
2024-04-19,fcc
2024-04-19,ida
2024-04-19,kress
2024-04-19,moba
2024-04-19,moheda-group
2024-04-19,movisat
2024-04-19,nord-engineering
2024-04-19,query-consulting
2024-04-19,riversa
2024-04-19,rosmiman
2024-04-19,rototank
2024-04-19,sanimobel
2024-04-19,svat
2024-04-19,tecma
2024-04-19,tenax
2024-04-19,urban-gravity
2024-04-19,veolia
2024-04-26,aco
2024-04-26,ambilamp-abril
2024-04-26,anclajes-marcelino
2024-04-26,boreal-it
2024-04-26,contenur
2024-04-26,decopolis
2024-04-26,fcc
2024-04-26,ida
2024-04-26,kress
2024-04-26,moba
2024-04-26,moheda-group
2024-04-26,movisat
2024-04-26,nord-engineering
2024-04-26,query-consulting
2024-04-26,riversa
2024-04-26,rosmiman
2024-04-26,rototank
2024-04-26,sanimobel
2024-04-26,svat
2024-04-26,tecma
2024-04-26,tenax
2024-04-26,urban-gravity
2024-04-26,veolia
2024-05-03,aco
2024-05-03,ambilamp-abril
2024-05-03,anclajes-marcelino
2024-05-03,boreal-it
2024-05-03,carandini
2024-05-03,contenur
2024-05-03,decopolis
2024-05-03,fcc
2024-05-03,ida
2024-05-03,kress
2024-05-03,moba
2024-05-03,moheda-group
2024-05-03,movisat
2024-05-03,nord-engineering
2024-05-03,query-consulting
2024-05-03,riversa
2024-05-03,rosmiman
2024-05-03,rototank
2024-05-03,sanimobel
2024-05-03,svat
2024-05-03,tecma
2024-05-03,tenax
2024-05-03,urban-gravity
2024-05-03,veolia
2024-05-10,aco
2024-05-10,ambilamp-abril
2024-05-10,anclajes-marcelino
2024-05-10,boreal-it
2024-05-10,carandini
2024-05-10,contenur
2024-05-10,decopolis
2024-05-10,fcc
2024-05-10,galabau
2024-05-10,ida
2024-05-10,kress
2024-05-10,moba
2024-05-10,moheda-group
2024-05-10,movisat
2024-05-10,nord-engineering
2024-05-10,query-consulting
2024-05-10,riversa
2024-05-10,rosmiman
2024-05-10,rototank
2024-05-10,sanimobel
2024-05-10,svat
2024-05-10,tecma
2024-05-10,tenax
2024-05-10,urban-gravity
2024-05-10,veolia
2024-05-16,aco
2024-05-16,ambilamp-abril
2024-05-16,anclajes-marcelino
2024-05-16,boreal-it
2024-05-16,carandini
2024-05-16,contenur
2024-05-16,decopolis
2024-05-16,fcc
2024-05-16,galabau
2024-05-16,ida
2024-05-16,kress
2024-05-16,moba
2024-05-16,moheda-group
2024-05-16,movisat
2024-05-16,nord-engineering
2024-05-16,query-consulting
2024-05-16,riversa
2024-05-16,rosmiman
2024-05-16,rototank
2024-05-16,sanimobel
2024-05-16,svat
2024-05-16,tecma
2024-05-16,tenax
2024-05-16,urban-gravity
2024-05-16,veolia
2024-05-24,aco
2024-05-24,ambilamp-abril
2024-05-24,anclajes-marcelino
2024-05-24,boreal-it
2024-05-24,carandini
2024-05-24,contenur
2024-05-24,decopolis
2024-05-24,fcc
2024-05-24,galabau
2024-05-24,ida
2024-05-24,kress
2024-05-24,moba
2024-05-24,moheda-group
2024-05-24,movisat
2024-05-24,nord-engineering
2024-05-24,query-consulting
2024-05-24,riversa
2024-05-24,rosmiman
2024-05-24,rototank
2024-05-24,sanimobel
2024-05-24,svat
2024-05-24,tecma
2024-05-24,tenax
2024-05-24,urban-gravity
2024-05-24,veolia
2024-05-31,aco
2024-05-31,ambilamp-abril
2024-05-31,anclajes-marcelino
2024-05-31,boreal-it
2024-05-31,carandini
2024-05-31,contenur
2024-05-31,decopolis
2024-05-31,fcc
2024-05-31,galabau
2024-05-31,ida
2024-05-31,kress
2024-05-31,moba
2024-05-31,moheda-group
2024-05-31,movisat
2024-05-31,nord-engineering
2024-05-31,query-consulting
2024-05-31,riversa
2024-05-31,rosmiman
2024-05-31,rototank
2024-05-31,sanimobel
2024-05-31,svat
2024-05-31,tecma
2024-05-31,tenax
2024-05-31,urban-gravity
2024-05-31,veolia
2024-06-07,aco
2024-06-07,ambilamp-abril
2024-06-07,anclajes-marcelino
2024-06-07,boreal-it
2024-06-07,contelogic
2024-06-07,contenur
2024-06-07,decopolis
2024-06-07,fcc
2024-06-07,galabau
2024-06-07,ida
2024-06-07,kress
2024-06-07,moba
2024-06-07,moheda-group
2024-06-07,movisat
2024-06-07,query-consulting
2024-06-07,riversa
2024-06-07,rosmiman
2024-06-07,rototank
2024-06-07,sanimobel
2024-06-07,svat
2024-06-07,tecma
2024-06-07,tenax
2024-06-07,urban-gravity
2024-06-07,veolia
2024-06-14,aco
2024-06-14,ambilamp-abril
2024-06-14,anclajes-marcelino
2024-06-14,boreal-it
2024-06-14,contelogic
2024-06-14,contenur
2024-06-14,decopolis
2024-06-14,fcc
2024-06-14,galabau
2024-06-14,ida
2024-06-14,kress
2024-06-14,moba
2024-06-14,moheda-group
2024-06-14,movisat
2024-06-14,query-consulting
2024-06-14,riversa
2024-06-14,rosmiman
2024-06-14,rototank
2024-06-14,sanimobel
2024-06-14,svat
2024-06-14,tecma
2024-06-14,tenax
2024-06-14,urban-gravity
2024-06-14,veolia
2024-06-21,aco
2024-06-21,ambilamp-abril
2024-06-21,anclajes-marcelino
2024-06-21,boreal-it
2024-06-21,contelogic
2024-06-21,contenur
2024-06-21,decopolis
2024-06-21,fcc
2024-06-21,galabau
2024-06-21,ida
2024-06-21,kress
2024-06-21,moba
2024-06-21,moheda-group
2024-06-21,movisat
2024-06-21,query-consulting
2024-06-21,riversa
2024-06-21,rosmiman
2024-06-21,rototank
2024-06-21,sanimobel
2024-06-21,svat
2024-06-21,tenax
2024-06-21,urban-gravity
2024-06-21,veolia
2024-06-28,aco
2024-06-28,ambilamp-abril
2024-06-28,anclajes-marcelino
2024-06-28,boreal-it
2024-06-28,contelogic
2024-06-28,contenur
2024-06-28,decopolis
2024-06-28,fcc
2024-06-28,galabau
2024-06-28,ida
2024-06-28,kress
2024-06-28,moba
2024-06-28,moheda-group
2024-06-28,movisat
2024-06-28,query-consulting
2024-06-28,riversa
2024-06-28,rosmiman
2024-06-28,rototank
2024-06-28,sanimobel
2024-06-28,svat
2024-06-28,tenax
2024-06-28,urban-gravity
2024-06-28,veolia
2024-07-05,aco
2024-07-05,ambilamp-abril
2024-07-05,anclajes-marcelino
2024-07-05,boreal-it
2024-07-05,contelogic
2024-07-05,contenur
2024-07-05,decopolis
2024-07-05,fcc
2024-07-05,galabau
2024-07-05,ida
2024-07-05,kress
2024-07-05,moba
2024-07-05,moheda-group
2024-07-05,movisat
2024-07-05,query-consulting
2024-07-05,riversa
2024-07-05,rosmiman
2024-07-05,rototank
2024-07-05,sanimobel
2024-07-05,svat
2024-07-05,tenax
2024-07-05,urban-gravity
2024-07-05,veolia
2024-07-12,aco
2024-07-12,ambilamp-abril
2024-07-12,anclajes-marcelino
2024-07-12,boreal-it
2024-07-12,contelogic
2024-07-12,contenur
2024-07-12,decopolis
2024-07-12,fcc
2024-07-12,galabau
2024-07-12,ida
2024-07-12,kress
2024-07-12,moba
2024-07-12,moheda-group
2024-07-12,movisat
2024-07-12,query-consulting
2024-07-12,riversa
2024-07-12,rosmiman
2024-07-12,rototank
2024-07-12,sanimobel
2024-07-12,svat
2024-07-12,tenax
2024-07-12,urban-gravity
2024-07-12,veolia
2024-07-19,aco
2024-07-19,ambilamp-abril
2024-07-19,anclajes-marcelino
2024-07-19,boreal-it
2024-07-19,contelogic
2024-07-19,contenur
2024-07-19,decopolis
2024-07-19,fcc
2024-07-19,galabau
2024-07-19,ida
2024-07-19,kress
2024-07-19,moba
2024-07-19,moheda-group
2024-07-19,movisat
2024-07-19,piaggio
2024-07-19,query-consulting
2024-07-19,riversa
2024-07-19,rosmiman
2024-07-19,rototank
2024-07-19,sanimobel
2024-07-19,svat
2024-07-19,tenax
2024-07-19,urban-gravity
2024-07-19,veolia
2024-07-26,aco
2024-07-26,ambilamp-abril
2024-07-26,anclajes-marcelino
2024-07-26,boreal-it
2024-07-26,contelogic
2024-07-26,contenur
2024-07-26,decopolis
2024-07-26,fcc
2024-07-26,galabau
2024-07-26,ida
2024-07-26,kress
2024-07-26,moba
2024-07-26,moheda-group
2024-07-26,movisat
2024-07-26,piaggio
2024-07-26,query-consulting
2024-07-26,riversa
2024-07-26,rosmiman
2024-07-26,rototank
2024-07-26,sanimobel
2024-07-26,svat
2024-07-26,tenax
2024-07-26,urban-gravity
2024-07-26,veolia
2024-08-02,aco
2024-08-02,ambilamp-abril
2024-08-02,anclajes-marcelino
2024-08-02,boreal-it
2024-08-02,contelogic
2024-08-02,contenur
2024-08-02,decopolis
2024-08-02,fcc
2024-08-02,galabau
2024-08-02,ida
2024-08-02,kress
2024-08-02,moba
2024-08-02,moheda-group
2024-08-02,movisat
2024-08-02,piaggio
2024-08-02,query-consulting
2024-08-02,riversa
2024-08-02,rosmiman
2024-08-02,rototank
2024-08-02,sanimobel
2024-08-02,svat
2024-08-02,tenax
2024-08-02,urban-gravity
2024-08-02,veolia
2024-08-09,aco
2024-08-09,ambilamp-abril
2024-08-09,anclajes-marcelino
2024-08-09,boreal-it
2024-08-09,contelogic
2024-08-09,contenur
2024-08-09,decopolis
2024-08-09,fcc
2024-08-09,galabau
2024-08-09,ida
2024-08-09,kress
2024-08-09,moba
2024-08-09,moheda-group
2024-08-09,movisat
2024-08-09,piaggio
2024-08-09,query-consulting
2024-08-09,riversa
2024-08-09,rosmiman
2024-08-09,rototank
2024-08-09,sanimobel
2024-08-09,svat
2024-08-09,tenax
2024-08-09,urban-gravity
2024-08-09,veolia
2024-08-23,aco
2024-08-23,ambilamp-abril
2024-08-23,anclajes-marcelino
2024-08-23,boreal-it
2024-08-23,contelogic
2024-08-23,contenur
2024-08-23,decopolis
2024-08-23,fcc
2024-08-23,ida
2024-08-23,kress
2024-08-23,moba
2024-08-23,moheda-group
2024-08-23,movisat
2024-08-23,piaggio
2024-08-23,query-consulting
2024-08-23,riversa
2024-08-23,rosmiman
2024-08-23,rototank
2024-08-23,sanimobel
2024-08-23,svat
2024-08-23,tenax
2024-08-23,urban-gravity
2024-08-23,veolia
2024-08-30,aco
2024-08-30,ambilamp-abril
2024-08-30,anclajes-marcelino
2024-08-30,boreal-it
2024-08-30,contelogic
2024-08-30,contenur
2024-08-30,decopolis
2024-08-30,fcc
2024-08-30,ida
2024-08-30,kress
2024-08-30,moba
2024-08-30,moheda-group
2024-08-30,movisat
2024-08-30,piaggio
2024-08-30,query-consulting
2024-08-30,riversa
2024-08-30,rosmiman
2024-08-30,rototank
2024-08-30,sanimobel
2024-08-30,svat
2024-08-30,tenax
2024-08-30,urban-gravity
2024-08-30,veolia
2024-09-06,aco
2024-09-06,ambilamp-abril
2024-09-06,anclajes-marcelino
2024-09-06,boreal-it
2024-09-06,contelogic
2024-09-06,contenur
2024-09-06,decopolis
2024-09-06,fcc
2024-09-06,ida
2024-09-06,kress
2024-09-06,moba
2024-09-06,moheda-group
2024-09-06,movisat
2024-09-06,piaggio
2024-09-06,query-consulting
2024-09-06,riversa
2024-09-06,rosmiman
2024-09-06,rototank
2024-09-06,sanimobel
2024-09-06,svat
2024-09-06,tenax
2024-09-06,urban-gravity
2024-09-06,veolia
2024-09-13,aco
2024-09-13,ambilamp-abril
2024-09-13,anclajes-marcelino
2024-09-13,boreal-it
2024-09-13,contelogic
2024-09-13,contenur
2024-09-13,decopolis
2024-09-13,fcc
2024-09-13,ida
2024-09-13,kress
2024-09-13,moba
2024-09-13,moheda-group
2024-09-13,movisat
2024-09-13,piaggio
2024-09-13,query-consulting
2024-09-13,riversa
2024-09-13,rosmiman
2024-09-13,rototank
2024-09-13,sanimobel
2024-09-13,svat
2024-09-13,tenax
2024-09-13,urban-gravity
2024-09-13,veolia
2024-09-20,aco
2024-09-20,ambilamp-abril
2024-09-20,anclajes-marcelino
2024-09-20,boreal-it
2024-09-20,contelogic
2024-09-20,contenur
2024-09-20,decopolis
2024-09-20,fcc
2024-09-20,ida
2024-09-20,kress
2024-09-20,moba
2024-09-20,moheda-group
2024-09-20,movisat
2024-09-20,piaggio
2024-09-20,query-consulting
2024-09-20,riversa
2024-09-20,rosmiman
2024-09-20,rototank
2024-09-20,sanimobel
2024-09-20,svat
2024-09-20,tenax
2024-09-20,urban-gravity
2024-09-20,veolia
2024-09-27,aco
2024-09-27,ambilamp-abril
2024-09-27,anclajes-marcelino
2024-09-27,boreal-it
2024-09-27,contelogic
2024-09-27,contenur
2024-09-27,decopolis
2024-09-27,fcc
2024-09-27,ida
2024-09-27,kress
2024-09-27,moba
2024-09-27,moheda-group
2024-09-27,movisat
2024-09-27,piaggio
2024-09-27,query-consulting
2024-09-27,riversa
2024-09-27,rosmiman
2024-09-27,rototank
2024-09-27,sanimobel
2024-09-27,svat
2024-09-27,tenax
2024-09-27,urban-gravity
2024-09-27,veolia
2024-10-04,aco
2024-10-04,ambilamp-abril
2024-10-04,anclajes-marcelino
2024-10-04,boreal-it
2024-10-04,contelogic
2024-10-04,contenur
2024-10-04,decopolis
2024-10-04,drv-sistemas
2024-10-04,fcc
2024-10-04,ida
2024-10-04,kress
2024-10-04,moba
2024-10-04,moheda-group
2024-10-04,movisat
2024-10-04,piaggio
2024-10-04,query-consulting
2024-10-04,riversa
2024-10-04,rosmiman
2024-10-04,rototank
2024-10-04,sanimobel
2024-10-04,svat
2024-10-04,tenax
2024-10-04,urban-gravity
2024-10-04,vaporeco
2024-10-04,veolia
2024-10-11,aco
2024-10-11,ambilamp-abril
2024-10-11,anclajes-marcelino
2024-10-11,boreal-it
2024-10-11,contelogic
2024-10-11,contenur
2024-10-11,decopolis
2024-10-11,drv-sistemas
2024-10-11,fcc
2024-10-11,ida
2024-10-11,kress
2024-10-11,moba
2024-10-11,movisat
2024-10-11,piaggio
2024-10-11,query-consulting
2024-10-11,riversa
2024-10-11,rosmiman
2024-10-11,rototank
2024-10-11,sanimobel
2024-10-11,svat
2024-10-11,tenax
2024-10-11,urban-gravity
2024-10-11,vaporeco
2024-10-11,veolia
2024-10-18,aco
2024-10-18,ambilamp-abril
2024-10-18,anclajes-marcelino
2024-10-18,boreal-it
2024-10-18,contelogic
2024-10-18,contenur
2024-10-18,decopolis
2024-10-18,drv-sistemas
2024-10-18,fcc
2024-10-18,ida
2024-10-18,kress
2024-10-18,moba
2024-10-18,movisat
2024-10-18,piaggio
2024-10-18,query-consulting
2024-10-18,riversa
2024-10-18,rosmiman
2024-10-18,rototank
2024-10-18,sanimobel
2024-10-18,svat
2024-10-18,tenax
2024-10-18,urban-gravity
2024-10-18,vaporeco
2024-10-18,veolia
2024-10-25,aco
2024-10-25,ambilamp-abril
2024-10-25,anclajes-marcelino
2024-10-25,boreal-it
2024-10-25,contelogic
2024-10-25,contenur
2024-10-25,decopolis
2024-10-25,drv-sistemas
2024-10-25,fcc
2024-10-25,ida
2024-10-25,kress
2024-10-25,moba
2024-10-25,movisat
2024-10-25,piaggio
2024-10-25,query-consulting
2024-10-25,riversa
2024-10-25,rosmiman
2024-10-25,rototank
2024-10-25,sanimobel
2024-10-25,svat
2024-10-25,tenax
2024-10-25,urban-gravity
2024-10-25,vaporeco
2024-10-25,veolia
2024-10-31,aco
2024-10-31,ambilamp-abril
2024-10-31,anclajes-marcelino
2024-10-31,boreal-it
2024-10-31,contelogic
2024-10-31,contenur
2024-10-31,decopolis
2024-10-31,drv-sistemas
2024-10-31,fcc
2024-10-31,ida
2024-10-31,kress
2024-10-31,moba
2024-10-31,movisat
2024-10-31,piaggio
2024-10-31,query-consulting
2024-10-31,riversa
2024-10-31,rosmiman
2024-10-31,rototank
2024-10-31,sanimobel
2024-10-31,svat
2024-10-31,tenax
2024-10-31,urban-gravity
2024-10-31,vaporeco
2024-10-31,veolia
2024-11-08,aco
2024-11-08,ambilamp-abril
2024-11-08,anclajes-marcelino
2024-11-08,boreal-it
2024-11-08,contelogic
2024-11-08,contenur
2024-11-08,decopolis
2024-11-08,drv-sistemas
2024-11-08,fcc
2024-11-08,ida
2024-11-08,kress
2024-11-08,moba
2024-11-08,movisat
2024-11-08,piaggio
2024-11-08,query-consulting
2024-11-08,riversa
2024-11-08,rosmiman
2024-11-08,rototank
2024-11-08,sanimobel
2024-11-08,svat
2024-11-08,tenax
2024-11-08,urban-gravity
2024-11-08,vaporeco
2024-11-08,veolia
2024-11-15,aco
2024-11-15,ambilamp-abril
2024-11-15,anclajes-marcelino
2024-11-15,boreal-it
2024-11-15,contelogic
2024-11-15,contenur
2024-11-15,decopolis
2024-11-15,drv-sistemas
2024-11-15,fcc
2024-11-15,ida
2024-11-15,kress
2024-11-15,moba
2024-11-15,movisat
2024-11-15,piaggio
2024-11-15,query-consulting
2024-11-15,riversa
2024-11-15,rosmiman
2024-11-15,rototank
2024-11-15,sanimobel
2024-11-15,svat
2024-11-15,tenax
2024-11-15,urban-gravity
2024-11-15,vaporeco
2024-11-15,veolia
2024-11-22,aco
2024-11-22,ambilamp-abril
2024-11-22,anclajes-marcelino
2024-11-22,boreal-it
2024-11-22,contelogic
2024-11-22,contenur
2024-11-22,decopolis
2024-11-22,drv-sistemas
2024-11-22,fcc
2024-11-22,ida
2024-11-22,kress
2024-11-22,moba
2024-11-22,movisat
2024-11-22,piaggio
2024-11-22,query-consulting
2024-11-22,riversa
2024-11-22,rosmiman
2024-11-22,rototank
2024-11-22,sanimobel
2024-11-22,svat
2024-11-22,tenax
2024-11-22,urban-gravity
2024-11-22,vaporeco
2024-11-22,veolia
2024-11-29,aco
2024-11-29,ambilamp-abril
2024-11-29,anclajes-marcelino
2024-11-29,boreal-it
2024-11-29,contelogic
2024-11-29,contenur
2024-11-29,decopolis
2024-11-29,drv-sistemas
2024-11-29,fcc
2024-11-29,ida
2024-11-29,kress
2024-11-29,moba
2024-11-29,movisat
2024-11-29,piaggio
2024-11-29,query-consulting
2024-11-29,riversa
2024-11-29,rosmiman
2024-11-29,rototank
2024-11-29,sanimobel
2024-11-29,svat
2024-11-29,tenax
2024-11-29,urban-gravity
2024-11-29,vaporeco
2024-11-29,veolia
2024-12-05,aco
2024-12-05,ambilamp-abril
2024-12-05,anclajes-marcelino
2024-12-05,boreal-it
2024-12-05,contelogic
2024-12-05,contenur
2024-12-05,decopolis
2024-12-05,drv-sistemas
2024-12-05,fcc
2024-12-05,ida
2024-12-05,kress
2024-12-05,moba
2024-12-05,movisat
2024-12-05,piaggio
2024-12-05,query-consulting
2024-12-05,riversa
2024-12-05,rosmiman
2024-12-05,rototank
2024-12-05,sanimobel
2024-12-05,svat
2024-12-05,tenax
2024-12-05,urban-gravity
2024-12-05,vaporeco
2024-12-05,veolia
2024-12-13,aco
2024-12-13,ambilamp-abril
2024-12-13,anclajes-marcelino
2024-12-13,boreal-it
2024-12-13,contelogic
2024-12-13,contenur
2024-12-13,decopolis
2024-12-13,drv-sistemas
2024-12-13,fcc
2024-12-13,ida
2024-12-13,kress
2024-12-13,moba
2024-12-13,movisat
2024-12-13,piaggio
2024-12-13,query-consulting
2024-12-13,riversa
2024-12-13,rosmiman
2024-12-13,rototank
2024-12-13,sanimobel
2024-12-13,svat
2024-12-13,tenax
2024-12-13,urban-gravity
2024-12-13,vaporeco
2024-12-13,veolia
2024-12-20,aco
2024-12-20,ambilamp-abril
2024-12-20,anclajes-marcelino
2024-12-20,boreal-it
2024-12-20,contelogic
2024-12-20,contenur
2024-12-20,decopolis
2024-12-20,drv-sistemas
2024-12-20,fcc
2024-12-20,ida
2024-12-20,kress
2024-12-20,moba
2024-12-20,movisat
2024-12-20,piaggio
2024-12-20,query-consulting
2024-12-20,riversa
2024-12-20,rosmiman
2024-12-20,rototank
2024-12-20,sanimobel
2024-12-20,svat
2024-12-20,tenax
2024-12-20,urban-gravity
2024-12-20,vaporeco
2024-12-20,veolia
2024-12-27,aco
2024-12-27,ambilamp-abril
2024-12-27,anclajes-marcelino
2024-12-27,boreal-it
2024-12-27,contelogic
2024-12-27,contenur
2024-12-27,decopolis
2024-12-27,drv-sistemas
2024-12-27,fcc
2024-12-27,ida
2024-12-27,kress
2024-12-27,moba
2024-12-27,movisat
2024-12-27,piaggio
2024-12-27,query-consulting
2024-12-27,riversa
2024-12-27,rosmiman
2024-12-27,rototank
2024-12-27,sanimobel
2024-12-27,svat
2024-12-27,tenax
2024-12-27,urban-gravity
2024-12-27,veolia
2025-01-03,aco
2025-01-03,ambilamp-abril
2025-01-03,anclajes-marcelino
2025-01-03,boreal-it
2025-01-03,contelogic
2025-01-03,contenur
2025-01-03,decopolis
2025-01-03,fcc
2025-01-03,ida
2025-01-03,kress
2025-01-03,moba
2025-01-03,movisat
2025-01-03,piaggio
2025-01-03,query-consulting
2025-01-03,riversa
2025-01-03,rosmiman
2025-01-03,rototank
2025-01-03,sanimobel
2025-01-03,svat
2025-01-03,tenax
2025-01-03,urban-gravity
2025-01-03,vaporeco
2025-01-03,veolia
2025-01-10,aco
2025-01-10,anclajes-marcelino
2025-01-10,boreal-it
2025-01-10,contenur
2025-01-10,decopolis
2025-01-10,ida
2025-01-10,kress
2025-01-10,moba
2025-01-10,movisat
2025-01-10,piaggio
2025-01-10,riversa
2025-01-10,rosmiman
2025-01-10,rototank
2025-01-10,sanimobel
2025-01-10,svat
2025-01-10,tenax
2025-01-10,urban-gravity
2025-01-10,vaporeco
2025-01-10,veolia
2025-01-17,aco
2025-01-17,ambilamp-abril
2025-01-17,anclajes-marcelino
2025-01-17,boreal-it
2025-01-17,contenur
2025-01-17,decopolis
2025-01-17,fcc
2025-01-17,ida
2025-01-17,kress
2025-01-17,moba
2025-01-17,moheda-group
2025-01-17,movisat
2025-01-17,piaggio
2025-01-17,query-consulting
2025-01-17,riversa
2025-01-17,rosmiman
2025-01-17,rototank
2025-01-17,sanimobel
2025-01-17,svat
2025-01-17,tenax
2025-01-17,urban-gravity
2025-01-17,vaporeco
2025-01-17,veolia
2025-01-24,aco
2025-01-24,ambilamp-abril
2025-01-24,anclajes-marcelino
2025-01-24,boreal-it
2025-01-24,contelogic
2025-01-24,contenur
2025-01-24,decopolis
2025-01-24,fcc
2025-01-24,ida
2025-01-24,kress
2025-01-24,moba
2025-01-24,moheda-group
2025-01-24,movisat
2025-01-24,query-consulting
2025-01-24,riversa
2025-01-24,rosmiman
2025-01-24,rototank
2025-01-24,sanimobel
2025-01-24,svat
2025-01-24,tenax
2025-01-24,urban-gravity
2025-01-24,vaporeco
2025-01-24,veolia
2025-01-31,aco
2025-01-31,ambilamp-abril
2025-01-31,anclajes-marcelino
2025-01-31,boreal-it
2025-01-31,contelogic
2025-01-31,contenur
2025-01-31,decopolis
2025-01-31,fcc
2025-01-31,ida
2025-01-31,kress
2025-01-31,moba
2025-01-31,moheda-group
2025-01-31,movisat
2025-01-31,query-consulting
2025-01-31,riversa
2025-01-31,rosmiman
2025-01-31,rototank
2025-01-31,sanimobel
2025-01-31,svat
2025-01-31,tenax
2025-01-31,urban-gravity
2025-01-31,vaporeco
2025-01-31,veolia
2025-02-07,aco
2025-02-07,ambilamp-abril
2025-02-07,anclajes-marcelino
2025-02-07,boreal-it
2025-02-07,contelogic
2025-02-07,contenur
2025-02-07,decopolis
2025-02-07,ida
2025-02-07,kress
2025-02-07,moba
2025-02-07,moheda-group
2025-02-07,movisat
2025-02-07,query-consulting
2025-02-07,riversa
2025-02-07,rosmiman
2025-02-07,rototank
2025-02-07,sanimobel
2025-02-07,svat
2025-02-07,tenax
2025-02-07,urban-gravity
2025-02-07,vaporeco
2025-02-07,veolia
2025-02-14,aco
2025-02-14,ambilamp-abril
2025-02-14,anclajes-marcelino
2025-02-14,boreal-it
2025-02-14,contelogic
2025-02-14,contenur
2025-02-14,decopolis
2025-02-14,ida
2025-02-14,kress
2025-02-14,moba
2025-02-14,moheda-group
2025-02-14,movisat
2025-02-14,query-consulting
2025-02-14,riversa
2025-02-14,rosmiman
2025-02-14,rototank
2025-02-14,sanimobel
2025-02-14,svat
2025-02-14,tenax
2025-02-14,urban-gravity
2025-02-14,vaporeco
2025-02-14,veolia
2025-02-21,ambilamp-abril
2025-02-21,anclajes-marcelino
2025-02-21,boreal-it
2025-02-21,contelogic
2025-02-21,contenur
2025-02-21,decopolis
2025-02-21,ida
2025-02-21,kress
2025-02-21,moba
2025-02-21,moheda-group
2025-02-21,movisat
2025-02-21,query-consulting
2025-02-21,riversa
2025-02-21,rosmiman
2025-02-21,rototank
2025-02-21,sanimobel
2025-02-21,svat
2025-02-21,tenax
2025-02-21,urban-gravity
2025-02-21,vaporeco
2025-02-21,veolia
2025-02-28,ambilamp-abril
2025-02-28,anclajes-marcelino
2025-02-28,boreal-it
2025-02-28,contelogic
2025-02-28,contenur
2025-02-28,decopolis
2025-02-28,ida
2025-02-28,kress
2025-02-28,moba
2025-02-28,moheda-group
2025-02-28,movisat
2025-02-28,query-consulting
2025-02-28,riversa
2025-02-28,rosmiman
2025-02-28,rototank
2025-02-28,sanimobel
2025-02-28,svat
2025-02-28,tenax
2025-02-28,urban-gravity
2025-02-28,vaporeco
2025-02-28,veolia
2025-03-07,anclajes-marcelino
2025-03-07,boreal-it
2025-03-07,contelogic
2025-03-07,contenur
2025-03-07,decopolis
2025-03-07,ida
2025-03-07,kress
2025-03-07,moba
2025-03-07,moheda-group
2025-03-07,movisat
2025-03-07,neusus
2025-03-07,riversa
2025-03-07,rosmiman
2025-03-07,rototank
2025-03-07,sanimobel
2025-03-07,svat
2025-03-07,vaporeco
2025-03-07,veolia
2025-03-14,anclajes-marcelino
2025-03-14,boreal-it
2025-03-14,contelogic
2025-03-14,contenur
2025-03-14,decopolis
2025-03-14,ida
2025-03-14,internaco-medio-ambiente-newlsetter
2025-03-14,kress
2025-03-14,moba
2025-03-14,moheda-group
2025-03-14,movisat
2025-03-14,neusus
2025-03-14,nord-engineering
2025-03-14,riversa
2025-03-14,rosmiman
2025-03-14,rototank
2025-03-14,sanimobel
2025-03-14,svat
2025-03-14,vaporeco
2025-03-14,veolia
2025-03-21,anclajes-marcelino
2025-03-21,boreal-it
2025-03-21,contelogic
2025-03-21,contenur
2025-03-21,decopolis
2025-03-21,ida
2025-03-21,internaco-medio-ambiente-newlsetter
2025-03-21,kress
2025-03-21,moba
2025-03-21,moheda-group
2025-03-21,movisat
2025-03-21,neusus
2025-03-21,nord-engineering
2025-03-21,riversa
2025-03-21,rosmiman
2025-03-21,rototank
2025-03-21,sanimobel
2025-03-21,svat
2025-03-21,vaporeco
2025-03-21,veolia
2025-03-28,anclajes-marcelino
2025-03-28,boreal-it
2025-03-28,contelogic
2025-03-28,contenur
2025-03-28,decopolis
2025-03-28,id-waste
2025-03-28,ida
2025-03-28,internaco-medio-ambiente-newlsetter
2025-03-28,kress
2025-03-28,moba
2025-03-28,moheda-group
2025-03-28,movisat
2025-03-28,neusus
2025-03-28,nord-engineering
2025-03-28,riversa
2025-03-28,rosmiman
2025-03-28,rototank
2025-03-28,sanimobel
2025-03-28,svat
2025-03-28,tenax
2025-03-28,vaporeco
2025-03-28,veolia
2025-04-04,anclajes-marcelino
2025-04-04,boreal-it
2025-04-04,carandini
2025-04-04,contelogic
2025-04-04,contenur
2025-04-04,decopolis
2025-04-04,id-waste
2025-04-04,ida
2025-04-04,internaco-medio-ambiente-newlsetter
2025-04-04,kress
2025-04-04,moba
2025-04-04,moheda-group
2025-04-04,movisat
2025-04-04,neusus
2025-04-04,nord-engineering
2025-04-04,riversa
2025-04-04,rosmiman
2025-04-04,rototank
2025-04-04,sanimobel
2025-04-04,svat
2025-04-04,tenax
2025-04-04,vaporeco
2025-04-04,veolia
2025-04-11,anclajes-marcelino
2025-04-11,boreal-it
2025-04-11,carandini
2025-04-11,contelogic
2025-04-11,contenur
2025-04-11,decopolis
2025-04-11,id-waste
2025-04-11,ida
2025-04-11,internaco-medio-ambiente-newlsetter
2025-04-11,kress
2025-04-11,moba
2025-04-11,moheda-group
2025-04-11,movisat
2025-04-11,neusus
2025-04-11,nord-engineering
2025-04-11,riversa
2025-04-11,rosmiman
2025-04-11,rototank
2025-04-11,sanimobel
2025-04-11,svat
2025-04-11,tenax
2025-04-11,vaporeco
2025-04-11,veolia
2025-04-16,anclajes-marcelino
2025-04-16,boreal-it
2025-04-16,carandini
2025-04-16,contelogic
2025-04-16,contenur
2025-04-16,decopolis
2025-04-16,id-waste
2025-04-16,ida
2025-04-16,internaco-medio-ambiente-newlsetter
2025-04-16,kress
2025-04-16,moba
2025-04-16,moheda-group
2025-04-16,movisat
2025-04-16,neusus
2025-04-16,nord-engineering
2025-04-16,riversa
2025-04-16,rosmiman
2025-04-16,rototank
2025-04-16,sanimobel
2025-04-16,svat
2025-04-16,tenax
2025-04-16,vaporeco
2025-04-16,veolia
2025-04-25,anclajes-marcelino
2025-04-25,boreal-it
2025-04-25,carandini
2025-04-25,contelogic
2025-04-25,contenur
2025-04-25,decopolis
2025-04-25,id-waste
2025-04-25,ida
2025-04-25,internaco-medio-ambiente-newlsetter
2025-04-25,kress
2025-04-25,moba
2025-04-25,moheda-group
2025-04-25,movisat
2025-04-25,neusus
2025-04-25,nord-engineering
2025-04-25,riversa
2025-04-25,rosmiman
2025-04-25,rototank
2025-04-25,sanimobel
2025-04-25,svat
2025-04-25,tenax
2025-04-25,vaporeco
2025-04-25,veolia
2025-05-09,anclajes-marcelino
2025-05-09,boreal-it
2025-05-09,carandini
2025-05-09,contelogic
2025-05-09,contenur
2025-05-09,decopolis
2025-05-09,id-waste
2025-05-09,ida
2025-05-09,internaco-medio-ambiente-newlsetter
2025-05-09,kress
2025-05-09,moba
2025-05-09,moheda-group
2025-05-09,movisat
2025-05-09,neusus
2025-05-09,nord-engineering
2025-05-09,riversa
2025-05-09,rosmiman
2025-05-09,rototank
2025-05-09,sanimobel
2025-05-09,svat
2025-05-09,tenax
2025-05-09,vaporeco
2025-05-09,veolia
2025-05-16,anclajes-marcelino
2025-05-16,boreal-it
2025-05-16,carandini
2025-05-16,contelogic
2025-05-16,contenur
2025-05-16,decopolis
2025-05-16,id-waste
2025-05-16,ida
2025-05-16,internaco-medio-ambiente-newlsetter
2025-05-16,kress
2025-05-16,moba
2025-05-16,moheda-group
2025-05-16,movisat
2025-05-16,neusus
2025-05-16,nord-engineering
2025-05-16,riversa
2025-05-16,rosmiman
2025-05-16,rototank
2025-05-16,sanimobel
2025-05-16,svat
2025-05-16,tenax
2025-05-16,vaporeco
2025-05-16,veolia
2025-05-23,anclajes-marcelino
2025-05-23,boreal-it
2025-05-23,carandini
2025-05-23,contelogic
2025-05-23,contenur
2025-05-23,decopolis
2025-05-23,id-waste
2025-05-23,ida
2025-05-23,internaco-medio-ambiente-newlsetter
2025-05-23,kress
2025-05-23,moba
2025-05-23,moheda-group
2025-05-23,movisat
2025-05-23,neusus
2025-05-23,nord-engineering
2025-05-23,riversa
2025-05-23,rosmiman
2025-05-23,rototank
2025-05-23,sanimobel
2025-05-23,svat
2025-05-23,tenax
2025-05-23,vaporeco
2025-05-23,veolia
2025-05-30,anclajes-marcelino
2025-05-30,boreal-it
2025-05-30,carandini
2025-05-30,contelogic
2025-05-30,contenur
2025-05-30,decopolis
2025-05-30,id-waste
2025-05-30,ida
2025-05-30,internaco-medio-ambiente-newlsetter
2025-05-30,kress
2025-05-30,moba
2025-05-30,moheda-group
2025-05-30,movisat
2025-05-30,neusus
2025-05-30,nord-engineering
2025-05-30,riversa
2025-05-30,rosmiman
2025-05-30,rototank
2025-05-30,sanimobel
2025-05-30,svat
2025-05-30,tenax
2025-05-30,vaporeco
2025-05-30,veolia
2025-06-06,anclajes-marcelino
2025-06-06,boreal-it
2025-06-06,carandini
2025-06-06,contelogic
2025-06-06,contenur
2025-06-06,decopolis
2025-06-06,id-waste
2025-06-06,ida
2025-06-06,internaco-medio-ambiente-newlsetter
2025-06-06,kress
2025-06-06,moba
2025-06-06,moheda-group
2025-06-06,movisat
2025-06-06,nord-engineering
2025-06-06,riversa
2025-06-06,rosmiman
2025-06-06,rototank
2025-06-06,sanimobel
2025-06-06,svat
2025-06-06,tenax
2025-06-06,vaporeco
2025-06-06,veolia
2025-06-13,anclajes-marcelino
2025-06-13,boreal-it
2025-06-13,carandini
2025-06-13,contelogic
2025-06-13,contenur
2025-06-13,decopolis
2025-06-13,fabrez
2025-06-13,id-waste
2025-06-13,ida
2025-06-13,internaco-medio-ambiente-newlsetter
2025-06-13,kress
2025-06-13,moba
2025-06-13,moheda-group
2025-06-13,movisat
2025-06-13,nord-engineering
2025-06-13,riversa
2025-06-13,rosmiman
2025-06-13,rototank
2025-06-13,sanimobel
2025-06-13,svat
2025-06-13,tenax
2025-06-13,vaporeco
2025-06-13,veolia
2025-06-20,anclajes-marcelino
2025-06-20,boreal-it
2025-06-20,carandini
2025-06-20,contelogic
2025-06-20,contenur
2025-06-20,decopolis
2025-06-20,fabrez
2025-06-20,id-waste
2025-06-20,ida
2025-06-20,internaco-medio-ambiente-newlsetter
2025-06-20,kress
2025-06-20,moba
2025-06-20,moheda-group
2025-06-20,movisat
2025-06-20,nord-engineering
2025-06-20,riversa
2025-06-20,rosmiman
2025-06-20,rototank
2025-06-20,sanimobel
2025-06-20,svat
2025-06-20,tenax
2025-06-20,vaporeco
2025-06-20,veolia
2025-06-27,anclajes-marcelino
2025-06-27,boreal-it
2025-06-27,carandini
2025-06-27,contelogic
2025-06-27,contenur
2025-06-27,decopolis
2025-06-27,fabrez
2025-06-27,ida
2025-06-27,internaco-medio-ambiente-newlsetter
2025-06-27,kress
2025-06-27,moba
2025-06-27,moheda-group
2025-06-27,movisat
2025-06-27,nord-engineering
2025-06-27,riversa
2025-06-27,rosmiman
2025-06-27,rototank
2025-06-27,sanimobel
2025-06-27,svat
2025-06-27,tenax
2025-06-27,vaporeco
2025-06-27,veolia
2025-07-04,anclajes-marcelino
2025-07-04,contelogic
2025-07-04,contenur
2025-07-04,decopolis
2025-07-04,fabrez
2025-07-04,ida
2025-07-04,internaco-medio-ambiente-newlsetter
2025-07-04,kress
2025-07-04,moba
2025-07-04,moheda-group
2025-07-04,movisat
2025-07-04,nord-engineering
2025-07-04,riversa
2025-07-04,rosmiman
2025-07-04,rototank
2025-07-04,sanimobel
2025-07-04,svat
2025-07-04,tenax
2025-07-04,vaporeco
2025-07-04,veolia
2025-07-11,anclajes-marcelino
2025-07-11,contelogic
2025-07-11,contenur
2025-07-11,decopolis
2025-07-11,fabrez
2025-07-11,ida
2025-07-11,internaco-medio-ambiente-newlsetter
2025-07-11,kress
2025-07-11,moba
2025-07-11,moheda-group
2025-07-11,movisat
2025-07-11,nord-engineering
2025-07-11,riversa
2025-07-11,rosmiman
2025-07-11,rototank
2025-07-11,sanimobel
2025-07-11,svat
2025-07-11,tenax
2025-07-11,vaporeco
2025-07-11,veolia
2025-07-18,anclajes-marcelino
2025-07-18,contelogic
2025-07-18,contenur
2025-07-18,decopolis
2025-07-18,fabrez
2025-07-18,ida
2025-07-18,internaco-medio-ambiente-newlsetter
2025-07-18,kress
2025-07-18,moba
2025-07-18,moheda-group
2025-07-18,movisat
2025-07-18,nord-engineering
2025-07-18,riversa
2025-07-18,rosmiman
2025-07-18,rototank
2025-07-18,sanimobel
2025-07-18,svat
2025-07-18,tenax
2025-07-18,vaporeco
2025-07-18,veolia
2025-07-24,anclajes-marcelino
2025-07-24,contelogic
2025-07-24,contenur
2025-07-24,decopolis
2025-07-24,fabrez
2025-07-24,ida
2025-07-24,internaco-medio-ambiente-newlsetter
2025-07-24,kress
2025-07-24,moba
2025-07-24,moheda-group
2025-07-24,movisat
2025-07-24,nord-engineering
2025-07-24,riversa
2025-07-24,rosmiman
2025-07-24,rototank
2025-07-24,sanimobel
2025-07-24,svat
2025-07-24,tenax
2025-07-24,vaporeco
2025-07-24,veolia
2025-08-01,anclajes-marcelino
2025-08-01,contelogic
2025-08-01,contenur
2025-08-01,decopolis
2025-08-01,fabrez
2025-08-01,ida
2025-08-01,internaco-medio-ambiente-newlsetter
2025-08-01,kress
2025-08-01,moba
2025-08-01,moheda-group
2025-08-01,movisat
2025-08-01,nord-engineering
2025-08-01,riversa
2025-08-01,rosmiman
2025-08-01,rototank
2025-08-01,sanimobel
2025-08-01,svat
2025-08-01,tenax
2025-08-01,vaporeco
2025-08-01,veolia
2025-08-08,anclajes-marcelino
2025-08-08,contelogic
2025-08-08,contenur
2025-08-08,decopolis
2025-08-08,fabrez
2025-08-08,ida
2025-08-08,internaco-medio-ambiente-newlsetter
2025-08-08,kress
2025-08-08,moba
2025-08-08,moheda-group
2025-08-08,movisat
2025-08-08,nord-engineering
2025-08-08,riversa
2025-08-08,rosmiman
2025-08-08,rototank
2025-08-08,sanimobel
2025-08-08,svat
2025-08-08,tenax
2025-08-08,vaporeco
2025-08-08,veolia
2025-08-22,anclajes-marcelino
2025-08-22,boreal-it
2025-08-22,contelogic
2025-08-22,contenur
2025-08-22,decopolis
2025-08-22,fabrez
2025-08-22,ida
2025-08-22,internaco-medio-ambiente-newlsetter
2025-08-22,kress
2025-08-22,moba
2025-08-22,moheda-group
2025-08-22,movisat
2025-08-22,nord-engineering
2025-08-22,riversa
2025-08-22,rosmiman
2025-08-22,rototank
2025-08-22,sanimobel
2025-08-22,svat
2025-08-22,tenax
2025-08-22,vaporeco
2025-08-22,veolia
2025-08-29,anclajes-marcelino
2025-08-29,boreal-it
2025-08-29,contelogic
2025-08-29,contenur
2025-08-29,decopolis
2025-08-29,fabrez
2025-08-29,ida
2025-08-29,internaco-medio-ambiente-newlsetter
2025-08-29,kress
2025-08-29,moba
2025-08-29,moheda-group
2025-08-29,movisat
2025-08-29,nord-engineering
2025-08-29,riversa
2025-08-29,rosmiman
2025-08-29,rototank
2025-08-29,sanimobel
2025-08-29,svat
2025-08-29,tenax
2025-08-29,vaporeco
2025-08-29,veolia
2025-09-05,anclajes-marcelino
2025-09-05,boreal-it
2025-09-05,contelogic
2025-09-05,contenur
2025-09-05,decopolis
2025-09-05,fabrez
2025-09-05,ida
2025-09-05,internaco-medio-ambiente-newlsetter
2025-09-05,kress
2025-09-05,moba
2025-09-05,moheda-group
2025-09-05,movisat
2025-09-05,nord-engineering
2025-09-05,riversa
2025-09-05,rosmiman
2025-09-05,rototank
2025-09-05,sanimobel
2025-09-05,svat
2025-09-05,tenax
2025-09-05,vaporeco
2025-09-05,veolia
2025-09-12,anclajes-marcelino
2025-09-12,boreal-it
2025-09-12,contelogic
2025-09-12,contenur
2025-09-12,decopolis
2025-09-12,fabrez
2025-09-12,ida
2025-09-12,internaco-medio-ambiente-newlsetter
2025-09-12,kress
2025-09-12,moba
2025-09-12,moheda-group
2025-09-12,movisat
2025-09-12,nord-engineering
2025-09-12,riversa
2025-09-12,rosmiman
2025-09-12,rototank
2025-09-12,sanimobel
2025-09-12,svat
2025-09-12,tenax
2025-09-12,vaporeco
2025-09-12,veolia
2025-09-19,anclajes-marcelino
2025-09-19,boreal-it
2025-09-19,contelogic
2025-09-19,contenur
2025-09-19,decopolis
2025-09-19,fabrez
2025-09-19,ida
2025-09-19,internaco-medio-ambiente-newlsetter
2025-09-19,kress
2025-09-19,moba
2025-09-19,moheda-group
2025-09-19,movisat
2025-09-19,nord-engineering
2025-09-19,riversa
2025-09-19,rosmiman
2025-09-19,rototank
2025-09-19,sanimobel
2025-09-19,svat
2025-09-19,tenax
2025-09-19,vaporeco
2025-09-19,veolia
2025-09-26,anclajes-marcelino
2025-09-26,boreal-it
2025-09-26,contelogic
2025-09-26,contenur
2025-09-26,decopolis
2025-09-26,fabrez
2025-09-26,ida
2025-09-26,internaco-medio-ambiente-newlsetter
2025-09-26,kress
2025-09-26,moba
2025-09-26,moheda-group
2025-09-26,movisat
2025-09-26,nord-engineering
2025-09-26,riversa
2025-09-26,rosmiman
2025-09-26,rototank
2025-09-26,sanimobel
2025-09-26,svat
2025-09-26,tenax
2025-09-26,vaporeco
2025-09-26,veolia
2025-10-03,anclajes-marcelino
2025-10-03,boreal-it
2025-10-03,contelogic
2025-10-03,contenur
2025-10-03,decopolis
2025-10-03,expomunicipal-2026-newsletter-1-periodo
2025-10-03,fabrez
2025-10-03,ida
2025-10-03,internaco-medio-ambiente-newlsetter
2025-10-03,kress
2025-10-03,moba
2025-10-03,moheda-group
2025-10-03,movisat
2025-10-03,nord-engineering
2025-10-03,riversa
2025-10-03,rosmiman
2025-10-03,rototank
2025-10-03,sanimobel
2025-10-03,svat
2025-10-03,tenax
2025-10-03,veolia
2025-10-10,anclajes-marcelino
2025-10-10,boreal-it
2025-10-10,contelogic
2025-10-10,contenur
2025-10-10,decopolis
2025-10-10,expomunicipal-2026-newsletter-1-periodo
2025-10-10,fabrez
2025-10-10,ida
2025-10-10,internaco-medio-ambiente-newlsetter
2025-10-10,kress
2025-10-10,moba
2025-10-10,moheda-group
2025-10-10,movisat
2025-10-10,nord-engineering
2025-10-10,riversa
2025-10-10,rosmiman
2025-10-10,rototank
2025-10-10,sanimobel
2025-10-10,svat
2025-10-10,tenax
2025-10-10,veolia
2025-10-17,anclajes-marcelino
2025-10-17,boreal-it
2025-10-17,contelogic
2025-10-17,contenur
2025-10-17,decopolis
2025-10-17,expomunicipal-2026-newsletter-1-periodo
2025-10-17,fabrez
2025-10-17,ida
2025-10-17,internaco-medio-ambiente-newlsetter
2025-10-17,kress
2025-10-17,moba
2025-10-17,moheda-group
2025-10-17,movisat
2025-10-17,nord-engineering
2025-10-17,riversa
2025-10-17,rosmiman
2025-10-17,rototank
2025-10-17,sanimobel
2025-10-17,svat
2025-10-17,tenax
2025-10-17,veolia
2025-10-24,anclajes-marcelino
2025-10-24,boreal-it
2025-10-24,contelogic
2025-10-24,contenur
2025-10-24,decopolis
2025-10-24,expomunicipal-2026-newsletter-1-periodo
2025-10-24,fabrez
2025-10-24,ida
2025-10-24,internaco-medio-ambiente-newlsetter
2025-10-24,kress
2025-10-24,moba
2025-10-24,moheda-group
2025-10-24,movisat
2025-10-24,nord-engineering
2025-10-24,riversa
2025-10-24,rosmiman
2025-10-24,rototank
2025-10-24,sanimobel
2025-10-24,svat
2025-10-24,tenax
2025-10-24,veolia
2025-10-31,anclajes-marcelino
2025-10-31,boreal-it
2025-10-31,contelogic
2025-10-31,contenur
2025-10-31,decopolis
2025-10-31,expomunicipal-2026-newsletter-1-periodo
2025-10-31,fabrez
2025-10-31,ida
2025-10-31,internaco-medio-ambiente-newlsetter
2025-10-31,kress
2025-10-31,moba
2025-10-31,moheda-group
2025-10-31,movisat
2025-10-31,nord-engineering
2025-10-31,riversa
2025-10-31,rosmiman
2025-10-31,rototank
2025-10-31,sanimobel
2025-10-31,svat
2025-10-31,tenax
2025-10-31,veolia
2025-11-07,anclajes-marcelino
2025-11-07,boreal-it
2025-11-07,contelogic
2025-11-07,contenur
2025-11-07,decopolis
2025-11-07,fabrez
2025-11-07,ida
2025-11-07,internaco-medio-ambiente-newlsetter
2025-11-07,kress
2025-11-07,moba
2025-11-07,moheda-group
2025-11-07,movisat
2025-11-07,nord-engineering
2025-11-07,riversa
2025-11-07,rosmiman
2025-11-07,rototank
2025-11-07,sanimobel
2025-11-07,svat
2025-11-07,tenax
2025-11-07,veolia
2025-11-14,anclajes-marcelino
2025-11-14,boreal-it
2025-11-14,contelogic
2025-11-14,contenur
2025-11-14,decopolis
2025-11-14,fabrez
2025-11-14,ida
2025-11-14,internaco-medio-ambiente-newlsetter
2025-11-14,kress
2025-11-14,moba
2025-11-14,moheda-group
2025-11-14,movisat
2025-11-14,nord-engineering
2025-11-14,riversa
2025-11-14,rosmiman
2025-11-14,rototank
2025-11-14,sanimobel
2025-11-14,svat
2025-11-14,tenax
2025-11-14,veolia
2025-11-21,anclajes-marcelino
2025-11-21,boreal-it
2025-11-21,contelogic
2025-11-21,contenur
2025-11-21,decopolis
2025-11-21,fabrez
2025-11-21,ida
2025-11-21,internaco-medio-ambiente-newlsetter
2025-11-21,kress
2025-11-21,moba
2025-11-21,moheda-group
2025-11-21,movisat
2025-11-21,nord-engineering
2025-11-21,riversa
2025-11-21,rosmiman
2025-11-21,rototank
2025-11-21,sanimobel
2025-11-21,svat
2025-11-21,tenax
2025-11-21,veolia
2025-11-28,anclajes-marcelino
2025-11-28,boreal-it
2025-11-28,contelogic
2025-11-28,contenur
2025-11-28,decopolis
2025-11-28,fabrez
2025-11-28,ida
2025-11-28,internaco-medio-ambiente-newlsetter
2025-11-28,kress
2025-11-28,moba
2025-11-28,moheda-group
2025-11-28,movisat
2025-11-28,nord-engineering
2025-11-28,riversa
2025-11-28,rosmiman
2025-11-28,rototank
2025-11-28,sanimobel
2025-11-28,svat
2025-11-28,tenax
2025-11-28,veolia
2025-12-05,anclajes-marcelino
2025-12-05,boreal-it
2025-12-05,contelogic
2025-12-05,contenur
2025-12-05,decopolis
2025-12-05,fabrez
2025-12-05,ida
2025-12-05,internaco-medio-ambiente-newlsetter
2025-12-05,kress
2025-12-05,moba
2025-12-05,moheda-group
2025-12-05,movisat
2025-12-05,nord-engineering
2025-12-05,riversa
2025-12-05,rosmiman
2025-12-05,rototank
2025-12-05,sanimobel
2025-12-05,svat
2025-12-05,tenax
2025-12-05,veolia
2025-12-12,anclajes-marcelino
2025-12-12,boreal-it
2025-12-12,contelogic
2025-12-12,contenur
2025-12-12,decopolis
2025-12-12,fabrez
2025-12-12,ida
2025-12-12,internaco-medio-ambiente-newlsetter
2025-12-12,kress
2025-12-12,moba
2025-12-12,moheda-group
2025-12-12,movisat
2025-12-12,nord-engineering
2025-12-12,riversa
2025-12-12,rosmiman
2025-12-12,rototank
2025-12-12,sanimobel
2025-12-12,svat
2025-12-12,tenax
2025-12-12,veolia
2025-12-19,anclajes-marcelino
2025-12-19,boreal-it
2025-12-19,contelogic
2025-12-19,contenur
2025-12-19,decopolis
2025-12-19,fabrez
2025-12-19,ida
2025-12-19,internaco-medio-ambiente-newlsetter
2025-12-19,kress
2025-12-19,moba
2025-12-19,moheda-group
2025-12-19,movisat
2025-12-19,nord-engineering
2025-12-19,riversa
2025-12-19,rosmiman
2025-12-19,rototank
2025-12-19,sanimobel
2025-12-19,svat
2025-12-19,tenax
2025-12-19,veolia
2026-01-09,anclajes-marcelino
2026-01-09,boreal-it
2026-01-09,contelogic
2026-01-09,contenur
2026-01-09,decopolis
2026-01-09,expomunicipal-2026-newsletter-2-periodo
2026-01-09,fabrez
2026-01-09,ida
2026-01-09,internaco-medio-ambiente-newlsetter
2026-01-09,kress
2026-01-09,lightbuilding
2026-01-09,moba
2026-01-09,moheda-group
2026-01-09,movisat
2026-01-09,nord-engineering
2026-01-09,riversa
2026-01-09,rosmiman
2026-01-09,rototank
2026-01-09,sanimobel
2026-01-09,svat
2026-01-09,tecma
2026-01-09,tenax
2026-01-09,veolia
2026-01-16,anclajes-marcelino
2026-01-16,boreal-it
2026-01-16,contelogic
2026-01-16,contenur
2026-01-16,decopolis
2026-01-16,expomunicipal-2026-newsletter-2-periodo
2026-01-16,fabrez
2026-01-16,ida
2026-01-16,internaco-medio-ambiente-newlsetter
2026-01-16,kress
2026-01-16,lightbuilding
2026-01-16,moba
2026-01-16,moheda-group
2026-01-16,movisat
2026-01-16,nord-engineering
2026-01-16,riversa
2026-01-16,rosmiman
2026-01-16,rototank
2026-01-16,sanimobel
2026-01-16,svat
2026-01-16,tecma
2026-01-16,tenax
2026-01-16,veolia
2026-01-23,anclajes-marcelino
2026-01-23,boreal-it
2026-01-23,contelogic
2026-01-23,contenur
2026-01-23,decopolis
2026-01-23,expomunicipal-2026-newsletter-2-periodo
2026-01-23,fabrez
2026-01-23,ida
2026-01-23,internaco-medio-ambiente-newlsetter
2026-01-23,kress
2026-01-23,lightbuilding
2026-01-23,moba
2026-01-23,moheda-group
2026-01-23,movisat
2026-01-23,nord-engineering
2026-01-23,riversa
2026-01-23,rosmiman
2026-01-23,rototank
2026-01-23,sanimobel
2026-01-23,svat
2026-01-23,tecma
2026-01-23,veolia
2026-01-30,anclajes-marcelino
2026-01-30,boreal-it
2026-01-30,contelogic
2026-01-30,contenur
2026-01-30,decopolis
2026-01-30,expomunicipal-2026-newsletter-2-periodo
2026-01-30,fabrez
2026-01-30,ida
2026-01-30,internaco-medio-ambiente-newlsetter
2026-01-30,kress
2026-01-30,lightbuilding
2026-01-30,moba
2026-01-30,moheda-group
2026-01-30,movisat
2026-01-30,nord-engineering
2026-01-30,riversa
2026-01-30,rosmiman
2026-01-30,rototank
2026-01-30,sanimobel
2026-01-30,svat
2026-01-30,tecma
2026-01-30,tenax
2026-01-30,veolia
2026-02-06,boreal-it
2026-02-06,contenur
2026-02-06,decopolis
2026-02-06,expomunicipal-2026-newsletter-2-periodo
2026-02-06,fabrez
2026-02-06,ida
2026-02-06,internaco-medio-ambiente-newlsetter
2026-02-06,kress
2026-02-06,lightbuilding
2026-02-06,moba
2026-02-06,movisat
2026-02-06,nord-engineering
2026-02-06,riversa
2026-02-06,rosmiman
2026-02-06,rototank
2026-02-06,samcla
2026-02-06,sanimobel
2026-02-06,svat
2026-02-06,tecma
2026-02-06,tenax
2026-02-06,veolia
2026-02-13,boreal-it
2026-02-13,contelogic
2026-02-13,contenur
2026-02-13,decopolis
2026-02-13,expomunicipal-2026-newsletter-2-periodo
2026-02-13,fabrez
2026-02-13,ida
2026-02-13,internaco-medio-ambiente-newlsetter
2026-02-13,kress
2026-02-13,lightbuilding
2026-02-13,moba
2026-02-13,moheda-group
2026-02-13,movisat
2026-02-13,nord-engineering
2026-02-13,riversa
2026-02-13,rosmiman
2026-02-13,rototank
2026-02-13,samcla
2026-02-13,sanimobel
2026-02-13,svat
2026-02-13,tecma
2026-02-13,tenax
2026-02-13,veolia
2026-02-20,boreal-it
2026-02-20,contelogic
2026-02-20,contenur
2026-02-20,decopolis
2026-02-20,expomunicipal-2026-newsletter-2-periodo
2026-02-20,fabrez
2026-02-20,ida
2026-02-20,internaco-medio-ambiente-newlsetter
2026-02-20,kress
2026-02-20,lightbuilding
2026-02-20,moba
2026-02-20,moheda-group
2026-02-20,movisat
2026-02-20,nord-engineering
2026-02-20,riversa
2026-02-20,rosmiman
2026-02-20,rototank
2026-02-20,samcla
2026-02-20,sanimobel
2026-02-20,svat
2026-02-20,tecma
2026-02-20,tenax
2026-02-20,veolia
2026-02-27,boreal-it
2026-02-27,contelogic
2026-02-27,contenur
2026-02-27,decopolis
2026-02-27,expomunicipal-2026-newsletter-2-periodo
2026-02-27,fabrez
2026-02-27,hako
2026-02-27,ida
2026-02-27,internaco-medio-ambiente-newlsetter
2026-02-27,kress
2026-02-27,lightbuilding
2026-02-27,moba
2026-02-27,moheda-group
2026-02-27,movisat
2026-02-27,nord-engineering
2026-02-27,riversa
2026-02-27,rosmiman
2026-02-27,rototank
2026-02-27,samcla
2026-02-27,sanimobel
2026-02-27,svat
2026-02-27,tecma
2026-02-27,tenax
2026-02-27,veolia
2026-03-06,boreal-it
2026-03-06,contelogic
2026-03-06,contenur
2026-03-06,hako
2026-03-06,ida
2026-03-06,kress
2026-03-06,lightbuilding
2026-03-06,moba
2026-03-06,moheda-group
2026-03-06,movisat
2026-03-06,nord-engineering
2026-03-06,riversa
2026-03-06,rosmiman
2026-03-06,rototank
2026-03-06,samcla
2026-03-06,sanimobel
2026-03-06,svat
2026-03-06,tecma
2026-03-06,veolia
2026-03-13,boreal-it
2026-03-13,city-360
2026-03-13,contelogic
2026-03-13,contenur
2026-03-13,hako
2026-03-13,ida
2026-03-13,kress
2026-03-13,moba
2026-03-13,moheda-group
2026-03-13,movisat
2026-03-13,nord-engineering
2026-03-13,riversa
2026-03-13,rosmiman
2026-03-13,rototank
2026-03-13,samcla
2026-03-13,sanimobel
2026-03-13,svat
2026-03-13,tecma
2026-03-13,veolia
2026-03-20,boreal-it
2026-03-20,city-360
2026-03-20,contelogic
2026-03-20,contenur
2026-03-20,fabrez
2026-03-20,hako
2026-03-20,ida
2026-03-20,kress
2026-03-20,moba
2026-03-20,moheda-group
2026-03-20,movisat
2026-03-20,nord-engineering
2026-03-20,riversa
2026-03-20,rosmiman
2026-03-20,rototank
2026-03-20,samcla
2026-03-20,sanimobel
2026-03-20,svat
2026-03-20,tecma
2026-03-20,veolia
2026-03-27,boreal-it
2026-03-27,city-360
2026-03-27,contelogic
2026-03-27,contenur
2026-03-27,fabrez
2026-03-27,hako
2026-03-27,ida
2026-03-27,kress
2026-03-27,moba
2026-03-27,moheda-group
2026-03-27,movisat
2026-03-27,nord-engineering
2026-03-27,riversa
2026-03-27,rosmiman
2026-03-27,rototank
2026-03-27,samcla
2026-03-27,sanimobel
2026-03-27,svat
2026-03-27,tecma
2026-03-27,veolia
2026-04-01,boreal-it
2026-04-01,city-360
2026-04-01,civitra
2026-04-01,contelogic
2026-04-01,contenur
2026-04-01,decopolis
2026-04-01,fabrez
2026-04-01,hako
2026-04-01,ida
2026-04-01,kress
2026-04-01,moba
2026-04-01,moheda-group
2026-04-01,movisat
2026-04-01,nord-engineering
2026-04-01,riversa
2026-04-01,rosmiman
2026-04-01,rototank
2026-04-01,samcla
2026-04-01,sanimobel
2026-04-01,svat
2026-04-01,tecma
2026-04-01,veolia
2026-04-10,boreal-it
2026-04-10,city-360
2026-04-10,civitra
2026-04-10,contelogic
2026-04-10,contenur
2026-04-10,decopolis
2026-04-10,fabrez
2026-04-10,hako
2026-04-10,ida
2026-04-10,kress
2026-04-10,moba
2026-04-10,moheda-group
2026-04-10,movisat
2026-04-10,nord-engineering
2026-04-10,riversa
2026-04-10,rosmiman
2026-04-10,rototank
2026-04-10,samcla
2026-04-10,sanimobel
2026-04-10,svat
2026-04-10,tecma
2026-04-10,veolia
2026-04-17,boreal-it
2026-04-17,city-360
2026-04-17,civitra
2026-04-17,contelogic
2026-04-17,contenur
2026-04-17,decopolis
2026-04-17,fabrez
2026-04-17,hako
2026-04-17,ida
2026-04-17,kress
2026-04-17,moba
2026-04-17,moheda-group
2026-04-17,movisat
2026-04-17,nord-engineering
2026-04-17,riversa
2026-04-17,rosmiman
2026-04-17,rototank
2026-04-17,samcla
2026-04-17,sanimobel
2026-04-17,svat
2026-04-17,tecma
2026-04-17,veolia
2026-04-24,boreal-it
2026-04-24,city-360
2026-04-24,civitra
2026-04-24,contelogic
2026-04-24,contenur
2026-04-24,decopolis
2026-04-24,fabrez
2026-04-24,hako
2026-04-24,ida
2026-04-24,kress
2026-04-24,moba
2026-04-24,moheda-group
2026-04-24,movisat
2026-04-24,nord-engineering
2026-04-24,riversa
2026-04-24,rosmiman
2026-04-24,rototank
2026-04-24,samcla
2026-04-24,sanimobel
2026-04-24,svat
2026-04-24,tecma
2026-04-24,veolia
2026-04-30,boreal-it
2026-04-30,city-360
2026-04-30,civitra
2026-04-30,contelogic
2026-04-30,contenur
2026-04-30,decopolis
2026-04-30,fabrez
2026-04-30,hako
2026-04-30,ida
2026-04-30,kress
2026-04-30,moba
2026-04-30,moheda-group
2026-04-30,movisat
2026-04-30,nord-engineering
2026-04-30,riversa
2026-04-30,rosmiman
2026-04-30,rototank
2026-04-30,samcla
2026-04-30,sanimobel
2026-04-30,svat
2026-04-30,tecma
2026-04-30,veolia
2026-05-08,boreal-it
2026-05-08,city-360
2026-05-08,civitra
2026-05-08,contelogic
2026-05-08,contenur
2026-05-08,decopolis
2026-05-08,fabrez
2026-05-08,green-mowers
2026-05-08,hako
2026-05-08,ida
2026-05-08,kress
2026-05-08,moba
2026-05-08,moheda-group
2026-05-08,movisat
2026-05-08,nord-engineering
2026-05-08,riversa
2026-05-08,rosmiman
2026-05-08,rototank
2026-05-08,samcla
2026-05-08,sanimobel
2026-05-08,svat
2026-05-08,tecma
2026-05-08,veolia
2026-05-15,boreal-it
2026-05-15,city-360
2026-05-15,civitra
2026-05-15,contelogic
2026-05-15,contenur
2026-05-15,decopolis
2026-05-15,fabrez
2026-05-15,future4-cities
2026-05-15,green-mowers
2026-05-15,hako
2026-05-15,ida
2026-05-15,kress
2026-05-15,moba
2026-05-15,moheda-group
2026-05-15,movisat
2026-05-15,nord-engineering
2026-05-15,riversa
2026-05-15,rosmiman
2026-05-15,rototank
2026-05-15,samcla
2026-05-15,sanimobel
2026-05-15,svat
2026-05-15,tecma
2026-05-15,veolia
2026-05-21,boreal-it
2026-05-21,city-360
2026-05-21,civitra
2026-05-21,contenur
2026-05-21,decopolis
2026-05-21,fabrez
2026-05-21,future4-cities
2026-05-21,green-mowers
2026-05-21,ida
2026-05-21,kress
2026-05-21,moba
2026-05-21,moheda-group
2026-05-21,movisat
2026-05-21,nord-engineering
2026-05-21,riversa
2026-05-21,rosmiman
2026-05-21,rototank
2026-05-21,samcla
2026-05-21,sanimobel
2026-05-21,tecma
2026-05-21,veolia
2026-05-29,boreal-it
2026-05-29,city-360
2026-05-29,civitra
2026-05-29,contelogic
2026-05-29,contenur
2026-05-29,decopolis
2026-05-29,fabrez
2026-05-29,green-mowers
2026-05-29,hako
2026-05-29,ida
2026-05-29,kress
2026-05-29,moba
2026-05-29,moheda-group
2026-05-29,movisat
2026-05-29,nord-engineering
2026-05-29,riversa
2026-05-29,rosmiman
2026-05-29,rototank
2026-05-29,samcla
2026-05-29,sanimobel
2026-05-29,svat
2026-05-29,tecma
2026-05-29,veolia
2026-06-05,boreal-it
2026-06-05,city-360
2026-06-05,contelogic
2026-06-05,contenur
2026-06-05,decopolis
2026-06-05,fabrez
2026-06-05,green-mowers
2026-06-05,hako
2026-06-05,ida
2026-06-05,kress
2026-06-05,moba
2026-06-05,moheda-group
2026-06-05,movisat
2026-06-05,nord-engineering
2026-06-05,riversa
2026-06-05,rosmiman
2026-06-05,rototank
2026-06-05,samcla
2026-06-05,sanimobel
2026-06-05,svat
2026-06-05,veolia
2026-06-11,boreal-it
2026-06-11,city-360
2026-06-11,contelogic
2026-06-11,contenur
2026-06-11,decopolis
2026-06-11,fabrez
2026-06-11,green-mowers
2026-06-11,hako
2026-06-11,ida
2026-06-11,kress
2026-06-11,moba
2026-06-11,moheda-group
2026-06-11,movisat
2026-06-11,nord-engineering
2026-06-11,riversa
2026-06-11,rosmiman
2026-06-11,rototank
2026-06-11,samcla
2026-06-11,sanimobel
2026-06-11,svat
2026-06-11,veolia
2026-06-19,boreal-it
2026-06-19,city-360
2026-06-19,contelogic
2026-06-19,contenur
2026-06-19,decopolis
2026-06-19,fabrez
2026-06-19,green-mowers
2026-06-19,hako
2026-06-19,ida
2026-06-19,kress
2026-06-19,moba
2026-06-19,moheda-group
2026-06-19,movisat
2026-06-19,nord-engineering
2026-06-19,riversa
2026-06-19,rosmiman
2026-06-19,rototank
2026-06-19,samcla
2026-06-19,sanimobel
2026-06-19,svat
2026-06-19,veolia
2026-06-26,boreal-it
2026-06-26,city-360
2026-06-26,contelogic
2026-06-26,contenur
2026-06-26,decopolis
2026-06-26,fabrez
2026-06-26,green-mowers
2026-06-26,hako
2026-06-26,ida
2026-06-26,kress
2026-06-26,moba
2026-06-26,moheda-group
2026-06-26,movisat
2026-06-26,nord-engineering
2026-06-26,riversa
2026-06-26,rosmiman
2026-06-26,rototank
2026-06-26,samcla
2026-06-26,sanimobel
2026-06-26,svat
2026-06-26,veolia
2026-07-03,city-360
2026-07-03,contelogic
2026-07-03,contenur
2026-07-03,decopolis
2026-07-03,fabrez
2026-07-03,green-mowers
2026-07-03,hako
2026-07-03,ida
2026-07-03,kress
2026-07-03,moba
2026-07-03,moheda-group
2026-07-03,movisat
2026-07-03,nord-engineering
2026-07-03,riversa
2026-07-03,rosmiman
2026-07-03,rototank
2026-07-03,samcla
2026-07-03,sanimobel
2026-07-03,svat
2026-07-03,veolia
2026-07-10,city-360
2026-07-10,contelogic
2026-07-10,contenur
2026-07-10,decopolis
2026-07-10,fabrez
2026-07-10,green-mowers
2026-07-10,hako
2026-07-10,ida
2026-07-10,kress
2026-07-10,moba
2026-07-10,moheda-group
2026-07-10,movisat
2026-07-10,nord-engineering
2026-07-10,riversa
2026-07-10,rosmiman
2026-07-10,rototank
2026-07-10,samcla
2026-07-10,sanimobel
2026-07-10,svat
2026-07-10,veolia
2026-07-17,city-360
2026-07-17,contelogic
2026-07-17,contenur
2026-07-17,decopolis
2026-07-17,fabrez
2026-07-17,green-mowers
2026-07-17,hako
2026-07-17,ida
2026-07-17,kress
2026-07-17,moba
2026-07-17,moheda-group
2026-07-17,movisat
2026-07-17,nord-engineering
2026-07-17,riversa
2026-07-17,rosmiman
2026-07-17,rototank
2026-07-17,samcla
2026-07-17,sanimobel
2026-07-17,svat
2026-07-17,veolia
2026-07-24,city-360
2026-07-24,contelogic
2026-07-24,contenur
2026-07-24,decopolis
2026-07-24,fabrez
2026-07-24,green-mowers
2026-07-24,hako
2026-07-24,ida
2026-07-24,kress
2026-07-24,moba
2026-07-24,moheda-group
2026-07-24,movisat
2026-07-24,nord-engineering
2026-07-24,riversa
2026-07-24,rosmiman
2026-07-24,rototank
2026-07-24,samcla
2026-07-24,sanimobel
2026-07-24,svat
2026-07-24,veolia
2026-07-31,city-360
2026-07-31,contelogic
2026-07-31,contenur
2026-07-31,decopolis
2026-07-31,fabrez
2026-07-31,green-mowers
2026-07-31,hako
2026-07-31,ida
2026-07-31,kress
2026-07-31,moba
2026-07-31,moheda-group
2026-07-31,movisat
2026-07-31,nord-engineering
2026-07-31,riversa
2026-07-31,rosmiman
2026-07-31,rototank
2026-07-31,samcla
2026-07-31,sanimobel
2026-07-31,svat
2026-07-31,veolia
2026-08-07,city-360
2026-08-07,contelogic
2026-08-07,contenur
2026-08-07,decopolis
2026-08-07,fabrez
2026-08-07,green-mowers
2026-08-07,hako
2026-08-07,ida
2026-08-07,kress
2026-08-07,moba
2026-08-07,moheda-group
2026-08-07,movisat
2026-08-07,nord-engineering
2026-08-07,riversa
2026-08-07,rosmiman
2026-08-07,rototank
2026-08-07,samcla
2026-08-07,sanimobel
2026-08-07,svat
2026-08-07,veolia
2026-08-21,city-360
2026-08-21,contelogic
2026-08-21,contenur
2026-08-21,decopolis
2026-08-21,fabrez
2026-08-21,green-mowers
2026-08-21,hako
2026-08-21,ida
2026-08-21,kress
2026-08-21,moba
2026-08-21,moheda-group
2026-08-21,movisat
2026-08-21,nord-engineering
2026-08-21,riversa
2026-08-21,rosmiman
2026-08-21,rototank
2026-08-21,samcla
2026-08-21,sanimobel
2026-08-21,svat
2026-08-21,veolia
2026-08-28,city-360
2026-08-28,contelogic
2026-08-28,contenur
2026-08-28,decopolis
2026-08-28,fabrez
2026-08-28,green-mowers
2026-08-28,hako
2026-08-28,ida
2026-08-28,kress
2026-08-28,moba
2026-08-28,moheda-group
2026-08-28,movisat
2026-08-28,nord-engineering
2026-08-28,riversa
2026-08-28,rosmiman
2026-08-28,rototank
2026-08-28,samcla
2026-08-28,sanimobel
2026-08-28,svat
2026-08-28,veolia
2026-09-04,carandini
2026-09-04,city-360
2026-09-04,contelogic
2026-09-04,contenur
2026-09-04,decopolis
2026-09-04,fabrez
2026-09-04,green-mowers
2026-09-04,hako
2026-09-04,ida
2026-09-04,kress
2026-09-04,moba
2026-09-04,moheda-group
2026-09-04,movisat
2026-09-04,nord-engineering
2026-09-04,riversa
2026-09-04,rosmiman
2026-09-04,rototank
2026-09-04,samcla
2026-09-04,sanimobel
2026-09-04,svat
2026-09-04,veolia
2026-09-11,carandini
2026-09-11,city-360
2026-09-11,contelogic
2026-09-11,contenur
2026-09-11,decopolis
2026-09-11,fabrez
2026-09-11,green-mowers
2026-09-11,hako
2026-09-11,ida
2026-09-11,kress
2026-09-11,moba
2026-09-11,moheda-group
2026-09-11,movisat
2026-09-11,nord-engineering
2026-09-11,riversa
2026-09-11,rosmiman
2026-09-11,rototank
2026-09-11,samcla
2026-09-11,sanimobel
2026-09-11,svat
2026-09-11,veolia
